open_time,open,high,low,close,volume,close_time,quote_volume,count,taker_buy_volume,taker_buy_quote_volume,ignore
1782864000000,58605.40,58720.00,58270.00,58548.70,5536.729,1782867599999,323655246.75510,145946,2341.332,136904796.93370,0
1782867600000,58548.70,58991.60,57758.60,58741.70,28902.834,1782871199999,1687021205.30290,560918,13262.390,775057828.65590,0
1782871200000,58741.80,59152.00,58632.40,59063.30,12017.600,1782874799999,708571651.17700,222776,6833.580,402998821.63270,0
1782874800000,59063.30,59298.40,58823.90,59169.60,9833.129,1782878399999,580473815.78530,187134,5353.504,316062495.81460,0
1782878400000,59169.70,59444.50,59030.90,59311.20,5966.189,1782881999999,353507953.32400,158185,3070.098,181944640.50810,0
1782882000000,59311.10,59350.00,59085.00,59122.40,4463.091,1782885599999,264181564.29120,106304,1644.253,97335689.70110,0
1782885600000,59122.30,59130.00,58500.10,58726.80,13792.727,1782889199999,810155688.96180,220754,7335.504,430769694.98190,0
1782889200000,58726.70,58797.60,58567.20,58744.40,4204.786,1782892799999,246780596.25700,124416,2012.794,118118506.79100,0
1782892800000,58744.40,58965.00,58450.70,58950.80,6346.255,1782896399999,372495687.58870,166407,3483.921,204574606.54480,0
1782896400000,58950.80,59069.70,58792.80,58921.40,5253.469,1782899999999,309512820.00930,124437,2748.313,161926376.85420,0
1782900000000,58921.40,58923.30,58590.90,58631.60,3734.411,1782903599999,219249096.19370,96733,1608.758,94448841.10640,0
1782903600000,58631.60,58733.50,58524.20,58592.90,3608.449,1782907199999,211595362.60450,111524,1910.476,112037155.28440,0
1782907200000,58592.80,58655.60,58294.10,58495.60,8651.069,1782910799999,505572737.09820,213955,4363.106,254994845.23170,0
1782910800000,58495.60,59486.70,58495.50,59463.10,22483.032,1782914399999,1326316174.07200,490560,11876.872,700594720.30570,0
1782914400000,59463.00,60067.90,59239.90,59523.80,29537.612,1782917999999,1763963132.97400,540126,14859.006,887261206.88270,0
1782918000000,59523.70,60520.00,59496.90,60118.50,22422.372,1782921599999,1348687393.33770,419294,12244.642,736479719.80280,0
1782921600000,60118.60,60244.00,59836.10,59902.80,7712.896,1782925199999,463053844.99070,164335,3273.679,196582777.49880,0
1782925200000,59902.90,60218.20,59762.60,60166.50,6967.927,1782928799999,418302990.60790,161802,3710.054,222740497.60960,0
1782928800000,60166.50,60278.90,59992.70,60141.50,4929.144,1782932399999,296427279.69170,127873,2622.292,157726548.87050,0
1782932400000,60141.50,60332.80,59952.30,60000.00,5201.063,1782935999999,312753825.73730,123830,2401.837,144454669.76000,0
1782936000000,60000.00,60170.30,59844.50,60100.30,4206.586,1782939599999,252272420.34250,98990,2171.894,130257560.46680,0
1782939600000,60100.30,60827.80,60092.70,60799.90,16099.760,1782943199999,975263958.65680,207973,10388.332,629267865.38070,0
1782943200000,60799.90,61322.00,60319.30,60446.30,23792.275,1782946799999,1447868343.00560,305049,12880.811,783911836.84550,0
1782946800000,60446.30,60446.30,59949.20,59999.60,8275.076,1782950399999,497749852.26030,167059,3972.394,238936239.44870,0
1782950400000,59999.60,60005.70,59555.00,59719.70,11009.328,1782953999999,658001064.37290,198236,5543.616,331349719.67030,0
1782954000000,59719.70,60298.00,59688.90,60150.00,8878.647,1782957599999,532737185.80720,185981,4873.400,292354510.06070,0
1782957600000,60150.00,60467.20,59978.30,60392.50,5419.480,1782961199999,326567136.26800,141744,2690.732,162150522.32050,0
1782961200000,60392.40,61102.50,60259.10,61032.90,12526.353,1782964799999,760511414.98210,232061,7121.360,432458798.79200,0
1782964800000,61032.90,61033.00,60703.10,60757.70,7263.034,1782968399999,441819390.02210,138824,2791.261,169813845.83830,0
1782968400000,60757.70,60852.90,60450.00,60479.90,9042.359,1782971999999,548290467.78680,163105,3846.067,233231150.95650,0
1782972000000,60480.00,60623.50,60232.60,60247.60,8467.548,1782975599999,511606790.36790,144166,3651.611,220670118.83330,0
1782975600000,60247.60,60288.00,60080.90,60125.80,9344.837,1782979199999,562182911.38000,140649,4321.920,260007110.69590,0
1782979200000,60125.80,60542.20,60113.50,60486.80,6198.207,1782982799999,374069600.14970,134288,3666.823,221304025.86780,0
1782982800000,60486.70,61447.00,60342.50,61159.60,25607.036,1782986399999,1562063828.79620,412522,14587.916,889951627.12330,0
1782986400000,61159.60,61330.00,61019.80,61238.50,9252.747,1782989999999,566150277.90300,228665,4019.327,245885287.73540,0
1782990000000,61238.40,61367.30,61100.00,61329.10,12681.094,1782993599999,776849330.28850,222937,5781.462,354157883.43270,0
1782993600000,61329.10,61591.10,61109.90,61507.40,18071.778,1782997199999,1108969610.04960,354504,9126.245,560176762.46870,0
1782997200000,61507.30,62077.30,61472.00,61913.50,25674.180,1783000799999,1586755234.28020,463512,13870.115,857326971.72620,0
1783000800000,61913.60,62180.00,61368.80,61669.80,18344.228,1783004399999,1132654907.88980,458562,9049.473,558899149.89700,0
1783004400000,61669.70,61844.40,61400.00,61584.00,7696.828,1783007999999,474289330.55200,249568,3775.389,232662149.98270,0
1783008000000,61584.00,61754.90,61113.80,61646.80,13879.115,1783011599999,852140451.70160,259302,6435.153,395265123.48710,0
1783011600000,61646.80,61900.00,61592.80,61643.00,6139.152,1783015199999,379117330.80300,157383,3472.865,214506014.41220,0
1783015200000,61643.00,61847.20,61633.70,61733.50,3075.802,1783018799999,189968975.63930,100170,1579.753,97571761.13040,0
1783018800000,61733.50,61739.70,61388.10,61452.50,5108.610,1783022399999,314387104.81890,128260,2249.807,138476096.85720,0
1783022400000,61452.40,61576.80,61308.30,61555.40,4121.371,1783025999999,253116105.64260,91643,2214.592,136040567.00740,0
1783026000000,61555.30,61634.30,61500.00,61570.60,1957.081,1783029599999,120424802.04240,43088,917.164,56437612.67530,0
1783029600000,61570.50,61570.60,61388.00,61445.00,3574.010,1783033199999,219797847.16170,45314,931.132,57264242.93840,0
1783033200000,61444.90,61588.20,61333.00,61540.60,2617.247,1783036799999,160853077.79910,71439,1463.332,89954789.97560,0
1783036800000,61540.50,61558.80,61229.00,61283.90,3597.556,1783040399999,220727922.58240,114901,1773.623,108833335.96250,0
1783040400000,61283.90,61727.20,61261.00,61566.50,4451.238,1783043999999,274064180.79670,155945,2358.112,145185491.81600,0
1783044000000,61566.60,61647.00,61271.00,61411.80,3999.381,1783047599999,245706947.58350,110627,2075.143,127487127.41730,0
1783047600000,61411.90,61558.00,61300.00,61407.60,3005.736,1783051199999,184602791.13750,80913,1583.192,97226131.23290,0
1783051200000,61407.50,61504.60,61300.40,61420.50,2696.433,1783054799999,165581031.30950,71031,1469.233,90225625.13260,0
1783054800000,61420.50,61788.00,61403.10,61674.80,4765.665,1783058399999,293700503.94760,111589,2474.722,152524928.47990,0
1783058400000,61674.70,61825.10,61584.00,61680.50,3450.463,1783061999999,212944668.90000,84400,1732.935,106966754.76180,0
1783062000000,61680.60,61849.70,61634.10,61733.60,3348.266,1783065599999,206759579.92970,75979,1532.016,94605247.18590,0
1783065600000,61733.70,61875.30,61525.90,61553.50,4222.917,1783069199999,260601375.61860,105208,1968.610,121518794.85490,0
1783069200000,61553.60,61760.70,61480.70,61686.80,3311.924,1783072799999,204095123.85010,95641,1770.734,109128354.74320,0
1783072800000,61686.90,62017.70,61640.20,61886.60,5642.212,1783076399999,349050556.77630,121306,3264.838,201996989.61250,0
1783076400000,61886.50,62078.60,61808.10,61992.80,5889.006,1783079999999,364869322.58520,124920,3101.796,192185865.33590,0
1783080000000,61992.80,62149.30,61841.00,61952.50,8242.179,1783083599999,511313621.85200,147376,4628.977,287198820.37950,0
1783083600000,61952.60,62271.90,61910.50,62083.80,5936.240,1783087199999,368500717.37160,140188,3053.051,189577720.84830,0
1783087200000,62083.90,62257.00,61653.00,62142.90,8788.007,1783090799999,544277616.08630,203558,4262.362,264042353.19600,0
1783090800000,62142.90,62386.70,61778.10,61895.20,13581.616,1783094399999,843009662.23760,223112,6667.154,413973456.86270,0
1783094400000,61895.20,62103.50,61877.60,62081.90,4059.255,1783097999999,251692659.83220,93398,2417.710,149929889.24120,0
1783098000000,62081.90,62266.80,62036.00,62171.50,4094.585,1783101599999,254612278.88790,90069,2023.744,125842515.89120,0
1783101600000,62171.50,62223.70,62087.40,62180.20,2583.154,1783105199999,160562887.31940,65054,1267.192,78764677.72160,0
1783105200000,62180.30,62292.40,62120.10,62178.40,3755.875,1783108799999,233603970.33690,83533,1894.723,117846632.04660,0
1783108800000,62178.40,62898.00,62151.20,62759.30,21132.140,1783112399999,1322688357.81730,265270,12218.122,764792956.13150,0
1783112400000,62759.30,62957.20,62488.80,62706.80,7035.750,1783115999999,441158315.66520,139027,3605.397,226083010.67140,0
1783116000000,62706.90,62726.00,62513.00,62549.30,2682.334,1783119599999,167924101.39080,71080,1181.594,73968485.76800,0
1783119600000,62549.30,62688.00,62507.10,62565.50,2226.562,1783123199999,139377148.78120,60226,1212.370,75893067.93890,0
1783123200000,62565.50,62925.70,62560.50,62735.10,5338.885,1783126799999,335145679.67410,115369,3110.380,195238528.59650,0
1783126800000,62735.00,62735.10,62381.60,62450.00,5177.732,1783130399999,323590819.98360,122303,2165.762,135347394.07550,0
1783130400000,62450.00,62556.50,62404.00,62514.00,1900.751,1783133999999,118765547.77030,57113,980.494,61271247.04710,0
1783134000000,62514.10,62734.70,62460.00,62609.60,2757.480,1783137599999,172644328.72540,71420,1518.467,95070433.45640,0
1783137600000,62609.60,62735.20,62568.80,62661.50,1944.821,1783141199999,121833329.39750,58393,1029.315,64487568.91660,0
1783141200000,62661.60,62661.60,62395.70,62445.60,2620.858,1783144799999,163788811.73390,61424,865.127,54072545.94430,0
1783144800000,62445.70,62538.60,62302.60,62473.20,2993.905,1783148399999,186875966.48960,68203,1400.737,87440251.15300,0
1783148400000,62473.10,62612.60,62441.80,62549.00,2131.436,1783151999999,133254817.19720,54945,1233.890,77141633.19470,0
1783152000000,62549.10,62654.10,62485.10,62528.00,2712.962,1783155599999,169741008.58780,57937,1367.097,85548958.89140,0
1783155600000,62527.90,62559.30,62386.10,62466.00,1929.560,1783159199999,120519504.66080,53756,904.154,56473879.31090,0
1783159200000,62466.00,62518.80,62418.30,62483.90,1203.457,1783162799999,75170934.79490,36031,520.332,32502400.76800,0
1783162800000,62483.80,62545.40,62430.10,62458.70,1559.204,1783166399999,97416289.01530,40909,823.494,51455811.08540,0
1783166400000,62458.60,62671.50,62458.60,62634.10,1790.061,1783169999999,112015259.65030,49349,1077.268,67416511.31130,0
1783170000000,62634.00,62755.50,62509.40,62563.00,2399.918,1783173599999,150265410.25060,63642,1187.166,74351132.33230,0
1783173600000,62562.90,62719.30,62562.40,62671.90,1875.000,1783177199999,117453868.80700,59254,1045.462,65489723.01230,0
1783177200000,62671.80,63069.60,62666.70,62908.80,9460.185,1783180799999,594917648.72130,199887,5827.528,366533867.81670,0
1783180800000,62908.70,62943.00,62752.90,62895.20,2956.899,1783184399999,185852974.34770,86981,1481.369,93112197.50180,0
1783184400000,62895.20,63420.00,62769.80,63245.60,10022.122,1783187999999,633071910.93520,182615,5913.221,373581038.29130,0
1783188000000,63245.50,63324.80,63070.00,63137.50,3957.615,1783191599999,250040159.11820,94640,1761.413,111281208.55850,0
1783191600000,63137.50,63450.00,63090.00,63268.10,4202.383,1783195199999,265980535.60640,84022,2196.874,139042479.09870,0
1783195200000,63268.00,63367.00,63128.40,63208.90,2485.990,1783198799999,157195895.30030,69442,1173.956,74231907.78180,0
1783198800000,63208.80,63430.00,63172.80,63274.70,2460.986,1783202399999,155850929.26260,54897,1268.731,80340075.19670,0
1783202400000,63274.60,63286.40,63129.40,63167.70,1955.701,1783205999999,123590428.39520,50208,1007.683,63683576.16540,0
1783206000000,63167.70,63215.80,62902.70,63114.80,3811.613,1783209599999,240381259.47850,92370,1690.687,106632241.79080,0
1783209600000,63114.90,63114.90,62824.40,62962.50,3551.601,1783213199999,223703701.19340,86000,1358.617,85591610.08010,0
1783213200000,62962.60,63022.60,62762.30,62859.80,4010.604,1783216799999,252127298.55750,91351,1789.251,112500675.54600,0
1783216800000,62859.80,62902.60,62549.60,62673.80,4562.372,1783220399999,285997874.68080,106284,1974.856,123807237.28930,0
1783220400000,62673.70,62766.00,62626.50,62739.10,2361.782,1783223999999,148107735.36850,61232,1200.339,75274875.80650,0
1783224000000,62739.10,62928.00,62680.00,62787.30,2921.002,1783227599999,183518861.49290,68468,1708.176,107321999.69370,0
1783227600000,62787.00,62788.40,62628.00,62716.40,2140.339,1783231199999,134240102.45070,56762,963.955,60460350.18700,0
1783231200000,62716.40,62800.00,62644.30,62749.90,1389.733,1783234799999,87182640.93090,46408,778.868,48860335.01630,0
1783234800000,62749.80,63039.30,62690.50,62995.10,3714.195,1783238399999,233523261.42280,75833,2262.315,142254266.24340,0
1783238400000,62995.10,63084.00,62868.00,62893.30,2742.219,1783241999999,172646257.20070,66859,1245.456,78418499.70360,0
1783242000000,62893.40,62908.70,62410.10,62600.30,6542.351,1783245599999,409652399.90330,124097,2700.665,169104710.63050,0
1783245600000,62600.20,62737.90,62507.20,62737.60,2252.572,1783249199999,141136751.74380,59584,1252.596,78487185.44990,0
1783249200000,62737.60,62799.90,62582.30,62630.00,1774.562,1783252799999,111205963.87780,52176,819.558,51363122.68190,0
1783252800000,62630.00,62752.00,62534.30,62718.20,2260.963,1783256399999,141665783.80580,62195,1191.570,74669401.30550,0
1783256400000,62718.30,62797.90,62617.50,62769.90,2043.696,1783259999999,128191476.94830,56876,964.358,60488884.43030,0
1783260000000,62769.90,62793.60,62621.50,62785.30,1709.374,1783263599999,107188033.15990,55691,832.268,52191633.23910,0
1783263600000,62785.20,62923.70,62646.90,62711.90,4065.907,1783267199999,255308628.91390,95570,2110.198,132519862.95370,0
1783267200000,62711.90,62745.60,62570.00,62612.00,3034.915,1783270799999,190085305.58070,65643,1420.886,88992314.11180,0
1783270800000,62612.00,62800.00,62564.40,62601.30,2087.571,1783274399999,130827894.87240,63801,1100.824,68997627.08640,0
1783274400000,62601.40,62865.00,62587.80,62787.60,1904.702,1783277999999,119453656.59110,57549,1109.120,69565026.03480,0
1783278000000,62787.60,62848.50,62691.20,62744.00,1276.560,1783281599999,80139535.18510,48966,605.902,38038344.28710,0
1783281600000,62744.10,62815.10,62667.50,62704.70,862.240,1783285199999,54095548.24820,32512,355.919,22327265.60990,0
1783285200000,62704.80,63224.70,62580.00,63070.40,6287.574,1783288799999,395928282.25890,123997,3637.224,229030773.24250,0
1783288800000,63070.40,63979.30,62976.30,63717.10,20592.411,1783292399999,1308712448.46640,342582,12339.736,784443724.41490,0
1783292400000,63717.10,63990.70,63542.80,63617.10,8537.899,1783295999999,544300233.75580,188882,4448.626,283635133.69070,0
1783296000000,63617.20,63760.00,63308.30,63728.40,7726.289,1783299599999,491020031.21890,191174,4316.451,274358326.92920,0
1783299600000,63728.30,63900.00,63520.00,63544.20,4911.735,1783303199999,312965088.91840,159718,2450.331,156136823.44050,0
1783303200000,63544.10,63644.10,63340.40,63425.10,5031.491,1783306799999,319315683.40200,140396,2456.862,155945000.64650,0
1783306800000,63425.10,63478.40,63101.20,63273.00,6110.788,1783310399999,386406163.25990,156466,2744.517,173548242.13150,0
1783310400000,63272.90,63368.30,63154.60,63242.90,2765.979,1783313999999,175003052.26270,90195,1421.713,89957238.77400,0
1783314000000,63242.80,63242.80,62912.60,63086.00,6116.520,1783317599999,385759100.49860,140812,2761.459,174140407.72670,0
1783317600000,63086.00,63125.60,62940.00,62962.60,3366.096,1783321199999,212131976.05790,82442,1668.312,105142564.60970,0
1783321200000,62962.60,63102.70,62858.40,63064.50,4208.151,1783324799999,264962620.29880,91400,2247.983,141545698.50510,0
1783324800000,63064.50,63226.40,62807.10,62876.10,5227.929,1783328399999,329402110.49930,109875,2718.157,171311675.21280,0
1783328400000,62876.00,62893.90,62610.00,62646.60,5981.406,1783331999999,375110626.33330,110927,2540.908,159333961.05260,0
1783332000000,62646.50,63019.30,62641.50,62797.60,5488.250,1783335599999,344911349.56830,105009,3004.691,188831909.09470,0
1783335600000,62797.70,62979.40,62461.40,62461.40,10912.522,1783339199999,683990982.03620,127433,2827.563,177417850.53060,0
1783339200000,62461.20,62467.20,61652.00,61733.60,34860.280,1783342799999,2161266046.47730,548944,16735.405,1037492136.43990,0
1783342800000,61733.60,62023.80,61297.00,61751.70,25787.251,1783346399999,1589662997.81760,499330,13398.545,826170537.51730,0
1783346400000,61751.70,62397.30,61679.40,62019.70,16281.511,1783349999999,1009860185.55990,402981,8339.674,517268107.87480,0
1783350000000,62019.70,63531.10,62019.70,63523.10,28807.014,1783353599999,1809888334.19810,564604,15436.880,970334199.91800,0
1783353600000,63523.00,63850.00,63356.80,63710.40,21207.184,1783357199999,1349061557.86280,431627,10546.166,670949218.15660,0
1783357200000,63710.40,63977.90,63539.90,63565.20,11369.867,1783360799999,725021978.50620,231027,5892.247,375849822.15250,0
1783360800000,63565.20,63867.50,63532.80,63675.70,4653.007,1783364399999,296441980.68370,136575,2478.126,157886488.78090,0
1783364400000,63675.80,63874.40,63628.00,63709.80,3459.098,1783367999999,220566437.16210,112476,1754.495,111876991.92870,0
1783368000000,63709.90,63868.00,63560.00,63798.00,3993.392,1783371599999,254362361.51600,100388,1844.794,117482311.89810,0
1783371600000,63798.10,64691.90,63781.70,64475.90,17905.498,1783375199999,1152141685.89560,336209,10849.251,698148002.97010,0
1783375200000,64475.90,64488.80,64129.40,64227.20,3777.611,1783378799999,242805455.59780,115237,1788.639,114959553.94590,0
1783378800000,64227.20,64330.50,64002.00,64023.60,2844.930,1783382399999,182448483.76040,88692,1164.086,74664284.54650,0
1783382400000,64023.50,64298.10,63981.60,64175.20,4516.091,1783385999999,289529261.14140,139745,2450.576,157117797.22630,0
1783386000000,64175.10,64175.20,63738.90,63815.00,6656.918,1783389599999,425438387.89170,181002,2753.475,175992926.81480,0
1783389600000,63815.00,63884.10,63257.00,63298.20,12011.750,1783393199999,763170312.39640,197119,4765.581,302776305.93670,0
1783393200000,63298.20,63412.80,63122.00,63165.00,6438.175,1783396799999,407309308.14230,148767,2897.478,183336677.26510,0
1783396800000,63164.90,63266.70,63030.70,63069.00,5517.363,1783400399999,348441400.62430,112650,2509.763,158529884.81110,0
1783400400000,63069.00,63232.70,62745.60,63092.50,10146.888,1783403999999,639216097.07820,155468,5178.295,326252853.89780,0
1783404000000,63092.40,63373.30,62954.40,63310.00,6420.153,1783407599999,405689105.20910,119404,3584.363,226514102.03340,0
1783407600000,63309.90,63424.20,63050.00,63062.60,5308.971,1783411199999,335612324.69070,108853,2290.709,144812751.84410,0
1783411200000,63062.70,63165.70,62958.40,63074.00,3246.141,1783414799999,204722673.33870,81924,1528.325,96390877.87100,0
1783414800000,63074.00,63317.40,63030.00,63226.90,3984.997,1783418399999,251819958.51040,81077,2134.973,134913866.79120,0
1783418400000,63227.00,63432.80,63185.40,63258.60,4429.345,1783421999999,280462895.98610,96822,2211.897,140078805.39180,0
1783422000000,63258.60,63427.80,63080.00,63377.70,4669.388,1783425599999,295311351.42490,107499,2259.954,142927354.91590,0
1783425600000,63377.80,63868.00,63365.70,63451.90,11307.971,1783429199999,719467423.50370,211740,5789.854,368357490.20390,0
1783429200000,63451.80,63455.40,62960.30,63033.20,13510.125,1783432799999,853384197.18520,354575,6379.695,403008464.57260,0
1783432800000,63033.30,63617.80,62638.00,63536.50,19586.851,1783436399999,1235250052.32350,510609,9872.115,622935933.94960,0
1783436400000,63536.50,64096.00,63349.40,63910.00,15827.862,1783439999999,1009166069.32930,380472,7952.303,507172568.52100,0
1783440000000,63910.00,64234.10,63780.30,63962.40,8485.483,1783443599999,542886254.15490,229715,4300.035,275152347.12460,0
1783443600000,63962.40,64211.00,63868.20,64164.70,4437.323,1783447199999,284225091.34300,139199,2065.063,132295352.68830,0
1783447200000,64164.60,64168.80,63646.50,63653.80,6767.564,1783450799999,432398766.30370,160547,2744.406,175322764.89570,0
1783450800000,63653.60,63873.20,63351.40,63794.90,8996.679,1783454399999,572293562.29040,209837,5051.668,321353628.23700,0
1783454400000,63794.90,63874.60,63588.50,63668.30,2860.895,1783457999999,182297647.41080,78815,1300.019,82846053.57510,0
1783458000000,63668.40,63839.90,63264.00,63399.50,5782.613,1783461599999,367002836.80710,121571,2727.828,173128457.03970,0
1783461600000,63399.50,63635.40,63177.00,63514.90,3966.559,1783465199999,251550232.60260,109643,1999.268,126836161.64910,0
1783465200000,63514.90,63679.50,63288.00,63335.40,2329.733,1783468799999,147936052.41020,59649,1126.945,71572735.28900,0
1783468800000,63335.40,63740.20,63274.10,63585.90,3564.601,1783472399999,226464864.94420,104433,1872.817,118973884.98150,0
1783472400000,63585.90,63624.00,62883.60,63003.70,8120.007,1783475999999,512605074.92390,187652,3304.949,208638943.01310,0
1783476000000,63003.70,63037.10,62466.90,62951.30,13015.007,1783479599999,817228551.04900,253115,6144.780,385962635.86900,0
1783479600000,62951.40,63067.90,62666.00,62741.00,4155.352,1783483199999,261351609.06140,113157,1878.392,118160211.61940,0
1783483200000,62741.00,62873.30,62643.60,62767.30,3191.098,1783486799999,200286116.91610,101574,1629.474,102278079.33430,0
1783486800000,62766.90,62851.20,62520.40,62613.80,4053.867,1783490399999,254079122.18870,105031,1856.559,116367092.30630,0
1783490400000,62613.80,62718.20,62434.90,62628.50,5098.065,1783493999999,318983984.97090,137700,2515.365,157406158.54380,0
1783494000000,62628.50,62867.70,62519.30,62854.10,5614.701,1783497599999,352244755.58330,121550,3221.175,202090136.25730,0
1783497600000,62854.10,62921.80,61821.00,61989.80,24133.055,1783501199999,1500821368.11470,461548,11450.246,711869028.86240,0
1783501200000,61989.80,62142.90,61708.20,62031.70,11392.528,1783504799999,705627444.99480,229528,5597.421,346731762.56600,0
1783504800000,62031.80,62164.70,61876.00,62149.80,5056.481,1783508399999,313681188.87830,106505,2658.427,164936144.71430,0
1783508400000,62149.90,62366.00,62025.20,62270.00,5367.666,1783511999999,333907930.20070,127866,2762.036,171838070.49080,0
1783512000000,62270.00,62394.10,61933.00,61933.90,5991.213,1783515599999,372465889.40820,129510,2597.105,161489790.03350,0
1783515600000,61933.90,62073.60,61615.00,61923.00,12545.108,1783519199999,775902020.24110,285917,6147.518,380268470.43560,0
1783519200000,61922.90,62151.90,61686.70,61865.50,10860.112,1783522799999,672644807.34770,317922,5675.720,351615108.70820,0
1783522800000,61865.60,61900.50,61520.00,61674.50,9713.099,1783526399999,598816315.77890,226207,4601.061,283697040.72930,0
1783526400000,61674.60,62129.80,61666.00,62086.40,7113.853,1783529999999,440344735.27620,181362,3915.875,242409142.50080,0
1783530000000,62086.30,62372.70,62005.20,62086.50,6899.963,1783533599999,429203915.90640,143503,3781.376,235227681.47820,0
1783533600000,62086.40,62331.00,62014.10,62158.80,3724.733,1783537199999,231590779.80550,122641,1905.597,118491288.02490,0
1783537200000,62158.90,62270.40,62043.00,62251.90,2519.071,1783540799999,156607497.87490,100097,1229.108,76415054.75190,0
1783540800000,62251.90,62287.10,62051.20,62076.20,2354.879,1783544399999,146393782.74190,73568,998.299,62060008.28720,0
1783544400000,62076.20,62226.40,61926.90,62162.40,4462.192,1783547999999,276952429.83090,105446,2065.152,128191674.77930,0
1783548000000,62162.40,62331.80,62144.40,62303.50,2226.252,1783551599999,138570556.42640,69257,1175.735,73190150.52820,0
1783551600000,62303.50,62320.60,62139.30,62255.30,1922.822,1783555199999,119665700.73520,62133,917.592,57114073.43610,0
1783555200000,62255.10,62284.40,62025.40,62101.80,3023.797,1783558799999,187920578.35080,101766,1431.198,88943322.48440,0
1783558800000,62101.80,62620.20,61796.10,61882.20,10363.949,1783562399999,645081589.10170,241238,4932.865,307248841.40500,0
1783562400000,61882.20,62098.00,61666.00,61753.70,4989.881,1783565999999,308759332.20740,151301,2336.858,144631468.69720,0
1783566000000,61753.80,62042.70,61693.10,61943.10,3408.734,1783569599999,210865907.85170,115467,1758.335,108768298.44800,0
1783569600000,61943.20,62427.70,61929.00,62420.40,5177.524,1783573199999,322055438.38470,117845,2954.037,183802789.40670,0
1783573200000,62420.30,62599.60,62204.90,62565.80,7762.964,1783576799999,484493501.51880,154693,3872.845,241750340.87900,0
1783576800000,62565.80,62958.00,62452.10,62934.00,10744.759,1783580399999,673988106.34160,182495,6165.693,386825137.66500,0
1783580400000,62933.90,63286.50,62774.50,62973.70,11947.227,1783583999999,752426558.84620,219021,6081.965,383137007.00700,0
1783584000000,62973.60,63083.90,62822.80,62872.60,4400.093,1783587599999,276998939.78640,105011,2044.305,128712908.85140,0
1783587600000,62872.60,62980.40,62753.10,62925.00,3618.009,1783591199999,227413729.90190,100176,1781.957,112025776.07200,0
1783591200000,62925.00,63030.50,62653.80,62757.20,3716.851,1783594799999,233524278.36790,97693,1707.865,107325383.42620,0
1783594800000,62757.20,62804.80,62583.40,62756.00,5140.324,1783598399999,322173815.91630,113918,2401.650,150542405.25170,0
1783598400000,62755.90,62934.30,62428.50,62583.30,19486.300,1783601999999,1221803946.36620,281228,9944.542,623615678.21730,0
1783602000000,62583.30,63215.00,62490.20,62999.90,9489.196,1783605599999,596259369.99710,300061,5478.984,344309292.00810,0
1783605600000,63000.00,63117.90,62620.10,62982.50,7113.788,1783609199999,447038874.43220,274898,3399.535,213670272.53260,0
1783609200000,62982.40,63233.00,62782.50,62835.40,6941.238,1783612799999,437431388.36520,208781,3505.689,220966273.45230,0
1783612800000,62835.40,62969.30,62525.20,62670.70,5324.178,1783616399999,333897601.28640,151512,2702.442,169506760.08050,0
1783616400000,62670.70,63146.00,62640.20,63114.70,5492.868,1783619999999,345716597.54610,135962,2772.293,174463941.62680,0
1783620000000,63114.80,63484.90,63041.90,63199.80,10034.920,1783623599999,635329710.08040,194308,5542.980,350967882.25440,0
1783623600000,63199.90,63365.00,63130.00,63222.90,2981.368,1783627199999,188521301.55640,101712,1701.668,107601637.12340,0
1783627200000,63222.90,63300.00,63148.10,63288.70,1854.485,1783630799999,117259595.75480,62210,801.058,50652067.90330,0
1783630800000,63288.80,63371.70,63162.70,63248.90,1886.986,1783634399999,119390605.72320,52460,888.323,56206401.81220,0
1783634400000,63249.00,63395.90,63180.90,63186.10,2732.059,1783637999999,172896915.08310,69908,1448.615,91685711.39880,0
1783638000000,63186.20,63299.90,63032.20,63197.00,3222.795,1783641599999,203614815.94200,89534,1513.061,95605324.39160,0
1783641600000,63197.10,63239.20,62897.00,63085.30,4961.377,1783645199999,312823677.61750,130844,2309.422,145645736.98730,0
1783645200000,63085.30,63938.80,62931.70,63726.60,11961.053,1783648799999,760820261.84900,231383,7274.574,462621383.70100,0
1783648800000,63726.70,64022.00,63662.60,63935.00,7618.357,1783652399999,486486852.26560,168582,4079.943,260581960.03070,0
1783652400000,63935.00,64019.70,63789.00,63917.20,4041.922,1783655999999,258238714.94210,94066,2011.753,128533171.37020,0
1783656000000,63917.30,64168.00,63826.40,64019.30,6097.263,1783659599999,390358608.26810,120316,3280.043,210013500.36000,0
1783659600000,64019.20,64185.00,63915.00,64090.00,4203.902,1783663199999,269248396.25210,89245,2256.919,144549288.39150,0
1783663200000,64089.90,64138.70,63804.40,63832.80,4672.326,1783666799999,298626688.28380,82733,1848.848,118181357.16610,0
1783666800000,63832.80,63980.00,63765.50,63956.10,4743.281,1783670399999,303053043.59160,75427,2621.440,167494943.69040,0
1783670400000,63956.10,64387.90,63949.10,64211.40,12036.605,1783673999999,772820289.21520,181580,7116.418,456883819.68450,0
1783674000000,64211.50,64459.90,64065.70,64360.40,8387.949,1783677599999,539460910.14240,153254,5144.873,330821239.31440,0
1783677600000,64360.40,64478.30,64244.60,64374.00,4417.956,1783681199999,284371260.21690,99046,2212.711,142442831.28320,0
1783681200000,64374.00,64450.30,64309.00,64394.20,2719.427,1783684799999,175089413.53190,76012,1304.701,84006902.97480,0
1783684800000,64394.20,64587.90,64236.30,64258.90,6480.494,1783688399999,417506094.76860,129285,3630.886,233976075.84350,0
1783688400000,64258.90,64680.00,64127.00,64453.70,9691.781,1783691999999,623987622.00170,219930,5453.845,351224100.21240,0
1783692000000,64453.60,64491.80,63768.00,63897.90,13660.447,1783695599999,875129819.88680,329383,6832.191,437725412.75520,0
1783695600000,63897.90,64196.10,63875.50,64018.70,5262.220,1783699199999,336862734.73260,159705,2928.894,187482900.82490,0
1783699200000,64018.70,64208.10,63802.40,64118.90,4431.076,1783702799999,283584579.03710,134138,2210.977,141529164.53800,0
1783702800000,64118.90,64139.60,63803.60,63804.00,2988.902,1783706399999,191056389.17070,90040,1436.016,91788320.02290,0
1783706400000,63804.10,63990.00,63718.10,63792.00,2758.665,1783709999999,176127376.03940,80542,1380.189,88126646.01700,0
1783710000000,63792.00,64029.90,63755.80,63900.40,3498.343,1783713599999,223598396.78640,86721,1796.478,114819442.53880,0
1783713600000,63900.40,63909.20,63619.90,63820.00,6698.936,1783717199999,427242417.55980,93726,2604.457,166098046.08430,0
1783717200000,63820.10,64086.40,63813.60,63987.60,2417.892,1783720799999,154641875.26390,52368,1315.259,84114002.05020,0
1783720800000,63987.70,64142.70,63953.90,64089.90,2814.802,1783724399999,180374091.34260,45468,1070.821,68612229.30410,0
1783724400000,64089.80,64176.90,63989.20,64129.50,2223.081,1783727999999,142491977.59580,49565,1136.400,72844961.91680,0
1783728000000,64129.50,64137.10,64000.00,64090.10,1731.884,1783731599999,110968286.34170,44277,655.386,41990992.58450,0
1783731600000,64090.10,64288.70,63969.90,63979.20,2766.132,1783735199999,177363200.32350,72963,1362.867,87408680.32020,0
1783735200000,63979.10,64137.80,63950.10,64130.50,1433.009,1783738799999,91762429.30110,44381,727.196,46568250.50250,0
1783738800000,64130.50,64169.10,64037.40,64117.20,1351.120,1783742399999,86634518.22360,40841,662.936,42507477.47160,0
1783742400000,64117.20,64182.00,64047.20,64123.40,1026.864,1783745999999,65835720.60520,33472,461.796,29607904.55970,0
1783746000000,64123.40,64198.80,64085.20,64141.60,1652.038,1783749599999,105971607.48210,44398,862.148,55301249.95900,0
1783749600000,64141.60,64250.00,64091.60,64186.70,1422.943,1783753199999,91342885.00640,37441,748.921,48075613.04080,0
1783753200000,64186.70,64224.00,64120.60,64132.60,1227.267,1783756799999,78753415.19840,30300,502.727,32258527.11420,0
1783756800000,64132.60,64280.00,64123.00,64239.60,1627.259,1783760399999,104488434.33280,40813,1000.052,64211309.59540,0
1783760400000,64239.60,64272.70,64129.00,64143.00,1347.449,1783763999999,86499767.41540,34118,648.823,41655221.27180,0
1783764000000,64143.10,64185.00,64110.20,64163.90,1266.216,1783767599999,81218547.45200,30566,563.734,36160238.32640,0
1783767600000,64163.90,64192.80,64146.30,64176.00,761.804,1783771199999,48882727.93520,22086,413.416,26527941.99110,0
1783771200000,64176.10,64207.00,64112.00,64168.40,1196.286,1783774799999,76746959.41780,30861,573.558,36797056.49370,0
1783774800000,64168.50,64245.40,64144.40,64213.90,1495.498,1783778399999,96003858.63290,36465,779.223,50022590.73310,0
1783778400000,64213.90,64497.40,64213.90,64321.00,4280.166,1783781999999,275498049.60680,82656,2527.908,162704432.03530,0
1783782000000,64321.00,64461.40,63668.80,64139.00,11703.971,1783785599999,750286690.88800,182438,4501.178,288721079.66620,0
1783785600000,64139.10,64245.30,64050.40,64148.20,2521.736,1783789199999,161731089.51780,83349,1276.027,81845415.83560,0
1783789200000,64148.10,64375.80,64133.40,64289.80,2299.591,1783792799999,147829268.67960,59293,1283.002,82468024.51290,0
1783792800000,64289.80,64368.60,64258.10,64299.70,1059.229,1783796399999,68112883.63280,39170,515.208,33131020.94910,0
1783796400000,64299.70,64313.10,64205.70,64262.00,899.660,1783799999999,57804375.02240,29994,383.838,24663148.68430,0
1783800000000,64261.90,64438.90,64261.90,64353.20,1218.353,1783803599999,78405765.25100,32607,764.833,49221136.35680,0
1783803600000,64353.30,64404.70,64310.00,64325.50,906.265,1783807199999,58312769.45900,23391,375.283,24149197.69130,0
1783807200000,64325.50,64405.20,64110.50,64169.10,2214.267,1783810799999,142241953.52050,61457,962.766,61852757.67070,0
1783810800000,64169.10,64223.20,63776.00,63783.00,6265.888,1783814399999,400480391.88410,139678,2721.142,173929971.56570,0
1783814400000,63783.10,63884.90,63657.40,63802.90,4816.995,1783817999999,307231271.81270,127261,2522.698,160918256.27500,0
1783818000000,63802.90,64146.20,63783.00,64106.00,3478.097,1783821599999,222602612.28960,87701,1903.507,121824011.02460,0
1783821600000,64106.00,64112.70,64002.00,64049.20,1748.455,1783825199999,112007115.79340,48954,711.352,45568911.98200,0
1783825200000,64049.20,64217.80,64002.90,64201.80,2142.993,1783828799999,137442545.27080,59739,1293.321,82956595.57940,0
1783828800000,64201.90,64238.00,63912.50,63974.30,2506.065,1783832399999,160522748.49120,68824,1123.819,71995579.21790,0
1783832400000,63974.20,63998.60,63867.00,63938.00,1922.293,1783835999999,122883759.16980,40326,834.438,53345142.05690,0
1783836000000,63938.00,63938.00,63602.80,63728.70,5247.130,1783839599999,334410136.42780,100898,2546.681,162294861.01730,0
1783839600000,63728.60,63879.00,63708.20,63856.40,1638.415,1783843199999,104553242.78070,40994,969.429,61860997.56590,0
1783843200000,63856.40,64083.70,63854.10,63951.60,2612.699,1783846799999,167142047.92850,60126,1284.712,82181863.20740,0
1783846800000,63951.60,64024.40,63730.70,63930.00,3030.600,1783850399999,193596003.90400,68466,1460.428,93276973.53700,0
1783850400000,63930.10,63930.10,63807.30,63838.90,1174.004,1783853999999,74975885.07890,38815,519.159,33153418.57690,0
1783854000000,63838.90,64012.80,63796.30,63993.80,1872.650,1783857599999,119736203.83770,49093,1097.642,70185231.81000,0
1783857600000,63993.80,64118.50,63946.00,63998.40,2403.082,1783861199999,153881206.55420,56241,1448.586,92768850.68820,0
1783861200000,63998.50,64073.40,63959.30,63997.30,1262.062,1783864799999,80791254.05730,39432,614.280,39325053.15360,0
1783864800000,63997.30,64271.90,63928.00,64175.00,2804.565,1783868399999,179791750.52650,72058,1625.038,104201238.39920,0
1783868400000,64175.00,64238.90,64091.50,64149.90,2903.188,1783871999999,186253969.41480,71549,1313.690,84283112.79470,0
1783872000000,64150.00,64184.80,64013.00,64146.80,2987.458,1783875599999,191480542.59280,70455,1281.309,82127214.59190,0
1783875600000,64146.70,64146.80,63983.10,64050.30,1096.969,1783879199999,70299105.12260,42845,496.647,31830040.22290,0
1783879200000,64050.20,64126.60,63985.10,64124.60,1249.778,1783882799999,80045202.49350,44965,563.396,36086039.84530,0
1783882800000,64124.70,64248.00,64114.90,64201.90,1298.912,1783886399999,83354119.67580,40078,749.587,48103485.56020,0
1783886400000,64202.00,64227.40,64141.60,64168.50,878.789,1783889999999,56396545.48680,33539,345.928,22199858.33540,0
1783890000000,64168.50,64207.40,63856.30,63889.60,2630.665,1783893599999,168357621.32980,68804,1127.242,72147809.08600,0
1783893600000,63889.50,63895.80,63634.10,63855.00,6060.141,1783897199999,386356987.67830,139036,2842.311,181217227.16150,0
1783897200000,63855.00,63883.60,63693.00,63750.00,2325.941,1783900799999,148325196.80120,78845,1187.937,75756171.49600,0
1783900800000,63749.90,64411.80,63538.00,64041.80,16536.408,1783904399999,1057582458.18750,356490,8064.614,515963091.70270,0
1783904400000,64041.80,64044.00,63366.00,63382.10,12315.440,1783907999999,783999328.82900,264513,5519.010,351423559.41090,0
1783908000000,63382.10,63527.60,63204.00,63344.80,7882.245,1783911599999,499532315.16230,216482,4102.061,259996244.25950,0
1783911600000,63344.90,63362.40,62705.00,62780.20,15709.528,1783915199999,988765953.67190,292773,6832.730,430039575.45330,0
1783915200000,62780.10,62884.80,62592.10,62649.80,6758.166,1783918799999,423971882.51830,141401,3399.097,213277483.10310,0
1783918800000,62649.70,62880.00,62434.90,62764.10,8371.052,1783922399999,524555305.09050,168359,3988.282,250017778.61920,0
1783922400000,62764.10,62848.20,62675.00,62766.60,2684.940,1783925999999,168535013.10700,77469,1516.223,95176582.98440,0
1783926000000,62766.60,63030.00,62719.40,62952.70,6413.166,1783929599999,403514850.32470,112056,3598.088,226379155.88040,0
1783929600000,62952.80,63260.00,62902.50,63174.90,5653.085,1783933199999,356580411.08190,111608,2975.790,187710744.65240,0
1783933200000,63174.90,63179.30,63064.40,63074.00,3292.544,1783936799999,207732683.16480,52064,1153.111,72752241.49420,0
1783936800000,63074.00,63130.90,62834.40,62844.60,9350.106,1783940399999,589112851.47800,81279,2968.688,186994289.72020,0
1783940400000,62844.70,63116.10,62844.70,62881.30,4701.727,1783943999999,296170007.18940,79063,2440.473,153713268.01990,0
1783944000000,62881.40,62970.70,62531.00,62597.90,8803.456,1783947599999,552036473.00890,155106,4089.709,256417138.29990,0
1783947600000,62597.90,62752.40,62141.20,62300.10,18486.590,1783951199999,1153858864.01670,348592,9111.742,568680673.06760,0
1783951200000,62300.10,62777.00,62061.30,62770.30,15429.637,1783954799999,963818370.01450,347528,7688.131,480390908.67910,0
1783954800000,62770.20,62965.00,62543.50,62596.60,9348.486,1783958399999,586469053.26500,182083,4521.343,283649143.33920,0
1783958400000,62596.70,62614.50,62183.90,62258.00,8644.969,1783961999999,539028982.14950,181290,4035.481,251574391.37400,0
1783962000000,62258.00,62347.20,61877.00,61877.00,8894.990,1783965599999,552117880.68790,179606,3837.259,238274945.51040,0
1783965600000,61877.10,62077.60,61806.00,61997.30,7281.929,1783969199999,451024636.86190,152020,4009.499,248358063.11280,0
1783969200000,61997.40,62267.00,61962.50,62258.00,4034.752,1783972799999,250609787.09670,93564,2180.354,135463518.22570,0
1783972800000,62257.90,62299.00,62020.00,62179.30,3539.601,1783976399999,220050511.44900,75810,1594.707,99140489.36080,0
1783976400000,62179.30,62192.10,61868.00,62034.10,3364.102,1783979999999,208591787.23770,73141,1323.663,82082882.31760,0
1783980000000,62034.00,62199.00,61883.10,61897.90,3177.324,1783983599999,197203723.16520,82324,1517.555,94183403.99410,0
1783983600000,61897.90,62333.40,61854.50,62307.00,5107.980,1783987199999,317374167.48730,104335,3171.142,197043220.23060,0
1783987200000,62307.00,62639.30,62240.90,62520.70,5906.236,1783990799999,368615976.25340,154084,3368.620,210254840.49980,0
1783990800000,62520.70,62614.20,62427.00,62505.20,3019.814,1783994399999,188745944.52680,101278,1519.943,95003269.20370,0
1783994400000,62505.20,62610.00,62286.90,62516.80,3512.258,1783997999999,219376182.27140,89788,1679.425,104914521.27950,0
1783998000000,62516.80,62576.20,62279.00,62538.20,3341.315,1784001599999,208572397.42030,86891,1500.970,93695293.90140,0
1784001600000,62538.30,62744.40,62511.00,62713.60,3346.574,1784005199999,209652575.51550,83216,1884.532,118065848.10450,0
1784005200000,62713.60,62848.00,62669.40,62699.90,3751.791,1784008799999,235465697.44020,88374,1780.549,111754340.13360,0
1784008800000,62699.90,62752.00,62537.00,62600.10,3174.255,1784012399999,198858941.80750,73581,1432.394,89738372.96620,0
1784012400000,62600.10,62633.00,62489.70,62529.70,2683.890,1784015999999,167918604.08260,71118,1289.515,80679401.13450,0
1784016000000,62529.70,62780.00,62458.30,62680.10,3017.401,1784019599999,189000321.79450,72931,1631.157,102176293.31650,0
1784019600000,62680.10,62721.20,62502.30,62604.20,2286.405,1784023199999,143146597.89780,60934,1082.051,67743112.88380,0
1784023200000,62604.20,62880.00,62577.50,62767.50,3460.434,1784026799999,217136531.38690,87171,1891.624,118700302.01350,0
1784026800000,62767.60,62896.00,62680.70,62810.30,3168.243,1784030399999,198987453.28710,80404,1519.115,95421742.50680,0
1784030400000,62810.30,63956.00,62756.50,63935.20,42323.953,1784033999999,2685557078.13010,558669,22853.250,1449979902.89630,0
1784034000000,63935.20,64162.20,63666.00,63802.80,18520.356,1784037599999,1182805066.88780,363130,8693.740,555290776.53140,0
1784037600000,63802.80,64310.00,63550.00,64277.30,13029.805,1784041199999,832908899.93650,272531,7407.468,473866695.56390,0
1784041200000,64277.20,64950.00,64163.60,64727.50,25734.552,1784044799999,1661929574.55850,445814,14687.296,948579951.14930,0
1784044800000,64727.40,64879.00,64589.30,64703.90,8467.888,1784048399999,548441031.14450,193003,4023.843,260624944.10380,0
1784048400000,64704.00,64704.00,64200.00,64597.50,14211.303,1784051999999,915873322.98790,198713,6059.606,390839936.36970,0
1784052000000,64597.50,64631.60,64448.70,64544.00,2451.479,1784055599999,158209534.96850,83948,1236.316,79788995.08870,0
1784055600000,64544.00,64687.90,64456.30,64543.00,2680.106,1784059199999,173037261.99650,84185,1397.463,90231501.51060,0
1784059200000,64543.10,64576.40,64390.40,64538.60,2370.521,1784062799999,152802397.95860,64746,1213.805,78242458.82290,0
1784062800000,64538.60,64877.70,64496.20,64650.00,3377.629,1784066399999,218457132.29770,78410,1927.215,124652134.28860,0
1784066400000,64649.90,65130.00,64485.40,64837.10,12393.571,1784069999999,804101693.87500,182664,7478.915,485333616.55540,0
1784070000000,64837.20,65040.30,64750.00,65014.70,4645.404,1784073599999,301641741.33540,92929,2355.963,152988845.03580,0
1784073600000,65014.60,65043.30,64743.60,64798.10,4489.662,1784077199999,291260853.76140,96217,2118.907,137478247.78870,0
1784077200000,64798.10,64830.20,64618.80,64643.70,3480.114,1784080799999,225192393.83650,83872,1492.926,96616479.74050,0
1784080800000,64643.70,64732.60,64456.70,64473.00,3174.884,1784084399999,204927664.31840,70222,1458.739,94159893.26540,0
1784084400000,64473.10,64820.10,64473.00,64760.80,2866.928,1784087999999,185373608.75250,75931,1700.558,109945463.47120,0
1784088000000,64760.90,64868.00,64686.60,64723.50,2176.426,1784091599999,140985278.86570,63775,1003.921,65035065.71000,0
1784091600000,64723.60,64941.70,64580.00,64920.50,2716.995,1784095199999,175883868.91390,71409,1430.718,92627101.60940,0
1784095200000,64920.50,65260.00,64784.70,64784.70,8661.145,1784098799999,563221809.39330,181660,4626.126,300924817.77150,0
1784098800000,64784.80,64850.00,64450.90,64528.00,6827.282,1784102399999,441139628.60910,135661,3337.084,215641292.75950,0
1784102400000,64528.00,64785.80,64528.00,64745.00,3889.073,1784105999999,251427366.92810,81995,2153.353,139223159.83540,0
1784106000000,64744.90,64899.90,64626.20,64644.60,3146.199,1784109599999,203786245.66680,80808,1511.218,97888869.75390,0
1784109600000,64644.60,64826.80,64582.70,64633.00,2611.385,1784113199999,168912790.93940,67304,1353.136,87526431.94560,0
1784113200000,64633.00,64728.70,64585.60,64707.50,1873.463,1784116799999,121146338.15580,56183,953.588,61665827.65570,0
1784116800000,64707.40,65241.30,64568.80,65133.70,12263.474,1784120399999,795838971.24570,248408,6825.088,442985460.40940,0
1784120400000,65133.70,65550.50,64852.50,65090.20,18067.990,1784123999999,1179423648.03640,431527,9557.476,623942501.43290,0
1784124000000,65090.20,65497.00,65033.50,65364.80,10429.982,1784127599999,680937670.95530,302870,5744.150,375020144.86640,0
1784127600000,65364.80,65589.70,65230.00,65391.60,7683.692,1784131199999,502612907.03170,190184,4207.588,275293444.80720,0
1784131200000,65391.50,65438.00,64752.00,65089.50,14894.086,1784134799999,968547770.88180,237060,8286.692,538950803.68790,0
1784134800000,65089.60,65148.20,64939.50,65023.10,8953.781,1784138399999,582313076.89680,132124,4624.581,300771012.37230,0
1784138400000,65023.10,65130.00,64817.10,64837.40,3429.166,1784141999999,222862977.95240,91602,1571.068,102123229.98060,0
1784142000000,64837.40,64967.90,64708.00,64942.00,2826.502,1784145599999,183299698.94000,85368,1426.406,92509367.26400,0
1784145600000,64942.10,65030.50,64869.80,64939.90,1207.369,1784149199999,78429427.91750,46417,630.464,40955932.47630,0
1784149200000,64939.90,64985.90,64756.70,64800.00,1958.445,1784152799999,126975118.94750,49468,805.475,52216600.42020,0
1784152800000,64800.00,64949.70,64739.00,64831.50,2140.517,1784156399999,138800750.29880,60796,1199.493,77783381.18780,0
1784156400000,64831.60,64912.50,64660.00,64721.40,2455.054,1784159999999,158978086.11720,60833,998.646,64682454.47880,0
1784160000000,64721.40,64814.70,64464.00,64554.30,4878.987,1784163599999,315157208.20960,110574,2326.767,150303092.37920,0
1784163600000,64554.30,64807.90,64362.20,64698.60,4747.944,1784167199999,306634209.53710,113320,2422.077,156453278.75180,0
1784167200000,64698.60,64705.00,64550.00,64616.10,1791.299,1784170799999,115754759.59610,64261,1010.366,65289285.27360,0
1784170800000,64616.10,64723.30,64521.00,64593.00,2045.084,1784174399999,132157551.11890,64485,1080.163,69804398.55020,0
1784174400000,64593.00,64667.00,64512.00,64610.90,2014.066,1784177999999,130085264.68290,51166,1118.076,72214239.47170,0
1784178000000,64610.90,64974.50,64573.40,64897.90,6259.940,1784181599999,405906909.99030,107738,3339.857,216564074.62270,0
1784181600000,64898.00,64951.20,64603.40,64750.00,3438.699,1784185199999,222741119.69250,84361,1542.864,99941409.73840,0
1784185200000,64749.90,64750.00,64005.60,64200.00,12271.054,1784188799999,789026941.84050,176437,5517.224,354735624.41350,0
1784188800000,64200.10,64340.00,63843.10,64096.70,14623.947,1784192399999,937055354.33150,233618,6893.168,441749894.72650,0
1784192400000,64096.60,64155.90,63985.10,64063.80,3330.267,1784195999999,213379678.01550,83738,1656.258,106126044.15680,0
1784196000000,64063.90,64241.30,64047.70,64186.90,2653.349,1784199599999,170222226.11980,61532,1490.699,95631554.59370,0
1784199600000,64187.00,64245.60,64057.20,64226.60,2957.306,1784203199999,189736292.93650,76099,1473.843,94572309.49110,0
1784203200000,64226.60,64226.60,63833.00,63938.10,6794.898,1784206799999,434759892.78780,135149,2837.183,181538031.60670,0
1784206800000,63938.20,64458.70,63930.10,64354.40,11289.067,1784210399999,725055819.22910,235866,5922.375,380296286.75540,0
1784210400000,64354.30,64844.30,64300.10,64510.00,12450.661,1784213999999,804104784.76770,310496,6234.993,402712161.49690,0
1784214000000,64510.00,64874.70,64281.60,64677.70,8163.410,1784217599999,527551972.95780,230375,4303.816,278156505.36090,0
1784217600000,64677.70,64687.60,64299.40,64448.40,5409.449,1784221199999,348817104.73980,173237,2430.330,156724782.33890,0
1784221200000,64448.40,64453.10,63958.00,64045.60,7575.592,1784224799999,486045854.90060,178607,2910.296,186707332.07420,0
1784224800000,64045.50,64306.80,64022.30,64217.10,3448.519,1784228399999,221286532.87000,102408,1723.193,110585904.56520,0
1784228400000,64217.00,64277.70,64120.20,64241.60,1749.703,1784231999999,112349050.29800,69456,950.777,61048903.79530,0
1784232000000,64241.70,64249.90,64075.10,64090.10,1258.646,1784235599999,80744581.73380,41672,660.827,42393453.81450,0
1784235600000,64090.10,64217.60,64077.30,64135.90,1257.933,1784239199999,80706642.89710,36521,652.889,41886417.64260,0
1784239200000,64136.00,64221.30,63922.60,63939.50,3705.960,1784242799999,237423536.69520,88576,1974.817,126544293.86050,0
1784242800000,63939.60,63978.60,63712.60,63801.00,6353.682,1784246399999,405474448.31970,122329,2629.235,167766826.92300,0
1784246400000,63801.10,63890.40,63580.00,63862.90,6331.479,1784249999999,403524813.13310,145474,2760.626,175971996.36130,0
1784250000000,63862.90,64041.60,63435.60,63510.80,8486.817,1784253599999,540732103.57790,192708,4068.679,259295346.69710,0
1784253600000,63510.70,63628.00,63358.00,63457.50,5328.647,1784257199999,338222611.66270,144528,2331.920,148050538.71580,0
1784257200000,63457.50,63693.20,63450.10,63538.10,3554.461,1784260799999,226038472.61900,102058,1966.531,125063869.91750,0
1784260800000,63538.00,63560.00,63281.00,63460.00,5069.199,1784264399999,321416091.21380,114974,2719.550,172466156.27210,0
1784264400000,63460.10,63460.10,62754.60,62807.30,15626.008,1784267999999,984325575.84830,206248,6704.611,422162718.21400,0
1784268000000,62807.40,62961.70,62655.00,62915.40,10696.868,1784271599999,671809081.16140,164704,5677.159,356593694.89680,0
1784271600000,62915.50,62947.10,62761.30,62792.90,4831.261,1784275199999,303761733.09680,98840,2507.655,157667973.75590,0
1784275200000,62792.80,62905.00,62611.00,62857.50,6784.932,1784278799999,425929015.79440,124340,3678.098,230934657.14010,0
1784278800000,62857.40,63039.80,62831.80,62962.20,4213.740,1784282399999,265241841.93730,77587,2212.762,139279302.38090,0
1784282400000,62962.30,63165.90,62962.20,63146.90,4237.483,1784285999999,267322456.05850,84515,2497.939,157577923.75230,0
1784286000000,63146.90,63337.40,63031.30,63273.20,5404.240,1784289599999,341540256.43600,89702,2693.117,170193177.99670,0
1784289600000,63273.10,63320.00,63037.00,63073.90,5253.453,1784293199999,331840950.30730,99018,1912.394,120780513.41850,0
1784293200000,63073.90,63155.80,62505.10,63128.60,16457.338,1784296799999,1033408356.61840,353972,8088.860,507996114.95840,0
1784296800000,63128.70,63496.00,63051.40,63142.50,11255.645,1784300399999,712100425.09820,330106,5293.420,334946417.02000,0
1784300400000,63142.50,63432.50,62817.00,63432.40,9297.664,1784303999999,586767886.99060,239910,4764.705,300763232.02840,0
1784304000000,63432.40,63681.30,63272.40,63553.70,9059.142,1784307599999,574944467.80060,198120,4357.919,276630401.13090,0
1784307600000,63553.70,64194.60,63553.70,64011.80,12832.426,1784311199999,820846042.36350,264475,6961.381,445223146.29490,0
1784311200000,64011.80,64356.70,63855.80,64220.10,8585.457,1784314799999,550273257.47430,184466,4101.471,262921532.22360,0
1784314800000,64220.10,64226.10,63943.50,64121.40,4380.552,1784318399999,280718313.79230,117729,2078.339,133194786.16520,0
1784318400000,64121.40,64165.70,63928.90,64086.10,3417.904,1784321999999,218806236.81030,82632,1551.534,99331284.46480,0
1784322000000,64086.20,64188.20,64031.60,64070.60,1550.761,1784325599999,99411951.64770,40198,699.268,44826924.88700,0
1784325600000,64070.60,64117.50,63891.60,63952.80,1753.780,1784329199999,112188727.94990,43196,749.235,47922577.48980,0
1784329200000,63952.70,63985.00,63860.00,63909.90,1443.556,1784332799999,92276182.79550,37321,622.062,39764668.48400,0
1784332800000,63909.90,63991.00,63859.60,63881.60,1490.455,1784336399999,95257685.38770,39519,698.325,44636580.48530,0
1784336400000,63881.60,63980.00,63862.00,63929.20,1280.563,1784339999999,81850156.78930,31135,693.733,44342186.72270,0
1784340000000,63929.20,64014.90,63900.00,63931.50,1347.221,1784343599999,86160023.38070,33679,707.917,45275117.19970,0
1784343600000,63931.60,63995.80,63900.00,63989.50,1220.595,1784347199999,78039738.19850,29685,741.220,47389016.11300,0
1784347200000,63989.50,63992.80,63915.00,63946.30,780.402,1784350799999,49903960.34250,23085,436.903,27937883.07510,0
1784350800000,63946.30,63973.30,63894.30,63936.30,1075.625,1784354399999,68767849.36950,25139,445.336,28470942.51170,0
1784354400000,63936.30,63979.00,63914.10,63954.10,888.648,1784357999999,56827064.40390,18024,501.886,32095529.25480,0
1784358000000,63954.20,64000.00,63952.80,63980.10,1583.413,1784361599999,101306902.47380,24667,826.290,52864682.24420,0
1784361600000,63980.00,63997.80,63930.40,63977.20,1367.761,1784365199999,87492214.52540,26699,787.470,50372926.66250,0
1784365200000,63977.20,63985.00,63912.00,63961.20,1041.152,1784368799999,66572704.30880,19602,463.889,29662182.94170,0
1784368800000,63961.10,63990.00,63957.30,63981.20,581.795,1784372399999,37219753.24400,13736,295.851,18926363.45480,0
1784372400000,63981.20,64073.20,63981.20,64033.30,1101.390,1784375999999,70498219.37800,19697,695.123,44494255.76200,0
1784376000000,64033.20,64237.70,64019.40,64181.40,3668.169,1784379599999,235219984.27640,73382,2138.965,137166724.98370,0
1784379600000,64181.50,64185.40,63925.20,64081.30,3187.123,1784383199999,204088230.57170,72621,1400.137,89654885.36520,0
1784383200000,64081.20,64167.20,64065.80,64099.00,1539.936,1784386799999,98741343.72940,42699,734.289,47083289.01570,0
1784386800000,64099.00,64135.60,64000.00,64090.00,1415.443,1784390399999,90689816.00260,37565,724.592,46426231.46220,0
1784390400000,64090.00,64298.60,64054.50,64278.20,3832.348,1784393999999,246045612.38010,58305,2524.049,162053486.06630,0
1784394000000,64278.30,64466.00,64250.30,64450.00,5266.335,1784397599999,338882191.49660,96230,3149.436,202680975.12900,0
1784397600000,64450.00,64666.00,64424.50,64477.30,4442.025,1784401199999,286518605.57440,95328,2546.574,164280183.21850,0
1784401200000,64477.40,64566.00,64445.50,64526.30,1721.549,1784404799999,111050409.35930,44657,835.426,53891213.40670,0
1784404800000,64526.40,64738.20,64467.20,64665.50,3210.202,1784408399999,207409774.27740,72013,1624.331,104966782.12750,0
1784408400000,64665.50,64819.20,64584.20,64697.60,3096.293,1784411999999,200373308.87910,74860,1533.765,99266821.99090,0
1784412000000,64697.50,64837.40,64680.60,64774.40,2034.289,1784415599999,131734753.97860,57848,1017.139,65868233.45100,0
1784415600000,64774.30,64818.10,64677.70,64806.70,2054.006,1784419199999,133036735.94880,47897,928.830,60157985.70730,0
1784419200000,64806.70,64878.80,64750.00,64756.50,2842.165,1784422799999,184116482.66180,46747,1107.500,71759604.57400,0
1784422800000,64756.50,64771.80,64750.00,64750.00,2790.617,1784426399999,180697000.73760,30917,763.917,49465270.90490,0
1784426400000,64750.00,64948.80,64672.40,64795.40,5032.332,1784429999999,326235058.80140,81521,2661.327,172588218.53690,0
1784430000000,64795.50,64815.80,64594.60,64686.80,2849.995,1784433599999,184296523.05540,55083,1299.890,84052212.59280,0
1784433600000,64686.80,64775.20,64580.40,64692.20,1668.466,1784437199999,107897249.89470,40071,755.563,48867649.78460,0
1784437200000,64692.20,64789.80,64643.40,64695.10,1325.774,1784440799999,85795734.71380,33954,678.629,43919383.13780,0
1784440800000,64695.00,64737.70,64670.00,64682.30,934.088,1784444399999,60433100.70530,27115,456.562,29538421.86460,0
1784444400000,64682.20,64759.30,64643.40,64692.20,1918.387,1784447999999,124107508.97290,36616,914.829,59183738.48200,0
1784448000000,64692.10,64723.50,64600.00,64678.10,2064.203,1784451599999,133459114.96640,41491,1082.126,69964396.59230,0
1784451600000,64678.20,64694.00,64467.20,64495.20,3177.976,1784455199999,205094739.80770,55141,1227.562,79228924.15700,0
1784455200000,64495.10,64677.70,64454.60,64561.40,2700.580,1784458799999,174382893.70390,57818,1378.243,88996150.14430,0
1784458800000,64561.40,64610.00,64415.00,64445.70,2748.941,1784462399999,177324323.05850,60236,1243.429,80209799.29020,0
1784462400000,64445.70,64445.70,64259.50,64417.50,4959.504,1784465999999,319194467.74770,96660,2345.591,150963595.96180,0
1784466000000,64417.40,64497.90,64273.40,64453.00,2219.753,1784469599999,142933780.81080,61152,1232.977,79397116.56540,0
1784469600000,64453.00,64633.00,64389.00,64561.10,2455.842,1784473199999,158430946.61770,67025,1341.404,86547500.26430,0
1784473200000,64561.00,64594.70,64466.60,64545.20,1616.379,1784476799999,104298044.57910,46624,724.987,46781792.14950,0
1784476800000,64545.30,64624.80,64474.20,64510.70,1470.209,1784480399999,94891864.91290,49489,677.955,43757166.13660,0
1784480400000,64510.70,64733.00,64365.70,64520.00,3957.134,1784483999999,255576465.68910,95172,1973.961,127505850.27370,0
1784484000000,64520.00,64529.10,64262.90,64399.80,3442.309,1784487599999,221677128.41000,89361,1708.332,110017011.09830,0
1784487600000,64399.80,64442.20,64319.50,64438.10,1085.170,1784491199999,69879619.44690,36611,594.631,38291214.40050,0
1784491200000,64438.10,64534.30,64438.00,64515.90,1059.316,1784494799999,68304099.54660,35398,553.750,35706750.27660,0
1784494800000,64516.00,64539.00,64305.00,64393.70,1677.019,1784498399999,107991858.44170,45087,738.075,47529848.63380,0
1784498400000,64393.60,64874.90,64319.30,64642.70,6743.994,1784501999999,436050763.06840,175314,3471.519,224450320.13900,0
1784502000000,64642.80,64748.10,64534.90,64694.70,2054.877,1784505599999,132822790.77620,86154,1009.118,65226068.77460,0
1784505600000,64694.80,65084.60,64380.00,64526.00,9897.467,1784509199999,641470035.77370,223175,5382.383,348965499.90260,0
1784509200000,64526.00,65011.00,64470.00,64594.70,5478.733,1784512799999,354724319.53500,178862,2817.319,182395271.19450,0
1784512800000,64594.70,64940.00,64551.60,64800.10,4762.318,1784516399999,308503462.77190,151590,2350.844,152259322.46750,0
1784516400000,64800.10,64887.00,64610.20,64839.40,2578.628,1784519999999,166993139.55150,96634,1317.184,85291596.76100,0
1784520000000,64839.30,64843.40,64503.00,64511.30,3108.675,1784523599999,200986572.80250,89622,1477.126,95488756.19380,0
1784523600000,64511.40,64536.10,64046.00,64101.70,9123.542,1784527199999,585858675.97870,226279,4223.251,271151889.57410,0
1784527200000,64101.80,64198.30,63736.10,63890.00,10191.102,1784530799999,651336175.62620,221965,5127.977,327727722.70300,0
1784530800000,63890.00,64285.50,63865.00,64250.00,5480.100,1784534399999,351211432.39580,131086,3202.980,205274459.68770,0
1784534400000,64250.00,64337.00,63858.10,64031.40,8326.137,1784537999999,533813090.10440,138284,3448.867,221124170.99000,0
1784538000000,64031.40,64260.00,63984.50,64176.60,3055.595,1784541599999,196014162.94830,74323,1738.027,111487456.12860,0
1784541600000,64176.60,64393.20,64137.00,64280.50,3345.929,1784545199999,215077150.91250,79013,1634.251,105052610.24750,0
1784545200000,64280.50,65048.30,64237.10,64970.80,13005.770,1784548799999,841991041.88950,244789,7296.084,472268552.77210,0
1784548800000,64970.80,64982.00,64571.00,64627.20,10164.095,1784552399999,658017463.26690,188525,4661.329,301781927.85920,0
1784552400000,64627.10,64737.50,64174.50,64315.00,9833.494,1784555999999,634443045.65160,266408,4936.221,318547350.29770,0
1784556000000,64315.00,64550.00,64034.30,64393.00,7606.114,1784559599999,489199869.99000,279972,3876.312,249381261.33580,0
1784559600000,64393.00,65688.00,64386.80,65570.10,26658.588,1784563199999,1737761571.61990,444276,15819.096,1031524528.81190,0
1784563200000,65570.10,65615.50,65301.80,65478.60,10648.534,1784566799999,697029440.62760,206675,4874.108,319071839.01050,0
1784566800000,65478.60,65642.00,65313.90,65560.00,6542.949,1784570399999,428502528.81720,132859,3768.815,246869232.29250,0
1784570400000,65560.00,65788.00,65168.00,65215.80,11084.442,1784573999999,725946859.03700,209170,6059.348,397012282.02080,0
1784574000000,65215.70,65256.10,65011.40,65119.30,7696.738,1784577599999,501177275.70310,150300,4303.194,280199184.20440,0
1784577600000,65119.30,65435.30,65030.20,65344.70,4390.078,1784581199999,286507335.50930,90200,2665.777,173975788.94460,0
1784581200000,65344.80,65416.40,65241.60,65258.50,1872.846,1784584799999,122330421.86530,51074,804.916,52574859.06760,0
1784584800000,65258.40,65258.50,65061.20,65118.70,2625.107,1784588399999,171014043.40290,66994,1199.272,78119800.17200,0
1784588400000,65118.80,65244.90,65098.80,65224.80,2029.166,1784591999999,132272598.46210,56484,1031.811,67259725.24920,0
1784592000000,65224.70,65561.00,65115.30,65538.90,4344.322,1784595599999,283961578.92100,125682,2565.937,167721907.61180,0
1784595600000,65538.80,65634.40,65202.10,65205.10,4372.902,1784599199999,286045453.47350,107043,1882.100,123103806.20260,0
1784599200000,65205.10,65479.50,65145.10,65386.40,3325.329,1784602799999,217103935.61300,100415,1889.066,123330333.24010,0
1784602800000,65386.40,65572.20,65380.00,65539.50,3014.818,1784606399999,197370476.30310,93846,1629.192,106659211.72150,0
1784606400000,65539.50,65723.00,65453.50,65494.20,4594.005,1784609999999,301298282.14170,95682,2517.286,165114450.74480,0
1784610000000,65494.20,65927.90,65460.10,65724.90,6383.305,1784613599999,419440590.71080,124595,3490.980,229431643.93860,0
1784613600000,65724.80,65970.00,65604.80,65892.40,5914.487,1784617199999,389339800.08650,126174,3054.847,201090945.20230,0
1784617200000,65892.50,66240.00,65828.20,66166.90,10295.944,1784620799999,680272711.74520,172524,6447.137,426046799.96690,0
1784620800000,66166.80,66337.80,66103.40,66200.00,9095.828,1784624399999,602429161.25750,166810,4471.792,296207551.11560,0
1784624400000,66199.90,66320.40,66110.00,66261.20,3769.983,1784627999999,249670436.30950,84430,1703.820,112842674.20650,0
1784628000000,66261.30,66390.00,66145.50,66161.10,6340.189,1784631599999,420311000.18150,106319,3175.194,210535243.37440,0
1784631600000,66161.00,66333.00,66117.10,66317.90,3759.054,1784635199999,248910248.15760,76923,1868.234,123715345.00090,0
1784635200000,66317.90,66618.00,66236.00,66527.70,7956.073,1784638799999,528785605.08020,151695,4791.766,318466522.82810,0
1784638800000,66527.70,66777.00,66290.40,66748.80,11900.874,1784642399999,791808991.81860,244549,6629.367,441152952.96630,0
1784642400000,66748.70,66924.10,66609.00,66804.30,13494.794,1784645999999,901347451.55030,263544,7121.208,475679911.39280,0
1784646000000,66804.30,66804.40,66487.90,66648.50,6212.963,1784649599999,413988663.47490,156504,2933.692,195485349.01210,0
1784649600000,66648.50,66736.70,66428.50,66507.10,4088.719,1784653199999,272148764.20350,110008,1821.619,121258250.75000,0
1784653200000,66507.10,66537.10,65939.00,66181.10,12541.970,1784656799999,830806667.20690,179102,4635.048,307239593.04750,0
1784656800000,66181.10,66333.00,66071.20,66287.50,4476.600,1784660399999,296388678.64710,123163,2404.800,159221271.04380,0
1784660400000,66287.60,66467.40,66230.00,66409.50,3604.885,1784663999999,239271890.82900,83529,1808.751,120056356.78580,0
1784664000000,66409.50,66465.60,66326.30,66373.80,1670.198,1784667599999,110887449.80210,50304,814.587,54083749.94230,0
1784667600000,66373.80,66380.80,66261.70,66352.40,2220.280,1784671199999,147245633.50580,52266,1050.988,69699903.90680,0
1784671200000,66352.40,66352.60,66172.00,66271.20,2432.153,1784674799999,161172736.60130,62342,1191.191,78935315.03310,0
1784674800000,66271.30,66544.80,66200.00,66522.40,3085.240,1784678399999,204856385.09190,68656,1968.181,130704577.70410,0
1784678400000,66522.30,66711.00,66503.90,66591.70,4924.600,1784681999999,328064861.95800,117686,2651.986,176663938.53740,0
1784682000000,66591.80,66629.30,66253.00,66399.90,3861.949,1784685599999,256484296.92130,99489,1876.413,124611629.73180,0
1784685600000,66399.90,66513.80,66264.90,66283.20,2039.117,1784689199999,135323474.29700,71734,995.314,66059705.75450,0
1784689200000,66283.20,66343.40,66141.70,66176.70,2975.392,1784692799999,197060623.21290,78331,1291.843,85564625.46550,0
1784692800000,66176.60,66399.00,66161.40,66349.30,1913.639,1784696399999,126918063.77720,60066,1105.943,73347565.90560,0
1784696400000,66349.20,66349.30,65909.10,65954.50,7960.255,1784699999999,525621065.16030,130035,3234.239,213573733.69800,0
1784700000000,65954.40,66000.00,65800.10,65906.80,6026.171,1784703599999,397086743.87940,121113,3131.468,206352004.80410,0
1784703600000,65906.70,65941.50,65668.60,65813.40,6294.319,1784707199999,414136342.27720,108397,2937.704,193307830.87060,0
1784707200000,65813.40,66140.50,65813.40,65953.50,5831.709,1784710799999,384821873.41380,101423,3306.677,218193833.70150,0
1784710800000,65953.40,66053.20,65816.40,65896.40,3223.673,1784714399999,212513260.63640,64556,1621.640,106899914.69380,0
1784714400000,65896.30,66077.30,65861.40,66016.20,7121.677,1784717999999,469851709.95810,69290,5032.603,332000533.87000,0
1784718000000,66016.20,66057.90,65872.10,65981.40,3175.036,1784721599999,209471081.58950,69021,1483.462,97868164.55680,0
1784721600000,65981.30,65986.00,65505.00,65604.20,7832.203,1784725199999,514657652.61900,127193,3087.084,202841469.30880,0
1784725200000,65604.10,65956.00,65531.70,65924.90,8594.386,1784728799999,564867126.43990,184142,4684.209,307878761.73030,0
1784728800000,65924.90,66190.40,65556.30,65770.20,10598.179,1784732399999,697701890.85960,242005,5236.526,344754565.98670,0
1784732400000,65770.20,66100.00,65770.00,66014.80,6873.918,1784735999999,453450996.14380,179395,3724.202,245684250.49090,0
1784736000000,66014.80,66363.60,65877.00,66199.70,7769.463,1784739599999,513997769.97780,173133,4430.519,293164449.34400,0
1784739600000,66199.80,66249.30,65912.60,65997.50,3809.016,1784743199999,251698709.07920,110440,1787.590,118107969.47750,0
1784743200000,65997.50,66052.80,65701.20,65860.50,4340.972,1784746799999,285807348.76430,114098,2055.747,135344701.44520,0
1784746800000,65860.60,65924.00,65650.20,65891.10,3197.039,1784750399999,210441141.41290,82628,1565.615,103062438.63020,0
1784750400000,65891.20,65954.30,65753.00,65887.80,2320.046,1784753999999,152844725.51220,74486,1142.782,75293837.42390,0
1784754000000,65887.80,66103.10,65853.20,66034.50,2201.826,1784757599999,145305195.32750,51113,1219.037,80451741.20430,0
1784757600000,66034.50,66046.00,65891.80,66013.80,1660.556,1784761199999,109540605.16870,52506,792.701,52288088.24060,0
1784761200000,66013.90,66116.50,65808.50,66082.00,2265.474,1784764799999,149457958.83770,66428,1062.961,70135659.05960,0
1784764800000,66082.00,66284.10,66020.00,66023.80,4469.351,1784768399999,295647816.03980,107820,1972.328,130479287.74380,0
1784768400000,66023.80,66180.00,65715.90,65793.80,5399.416,1784771999999,355764632.39120,120655,2394.519,157741291.06070,0
1784772000000,65793.70,65808.90,65616.30,65777.40,3027.886,1784775599999,199030272.74620,88008,1592.657,104697555.47550,0
1784775600000,65777.40,65788.20,65548.00,65626.80,3847.550,1784779199999,252477129.91390,84421,1578.698,103605134.07050,0
1784779200000,65626.70,65710.00,65558.00,65585.30,2534.037,1784782799999,166290464.01050,60757,1152.875,75661030.14030,0
1784782800000,65585.40,65764.80,65543.10,65663.90,2512.364,1784786399999,164953213.44590,56525,1243.317,81638711.57420,0
1784786400000,65663.90,65793.70,65593.90,65763.20,2021.415,1784789999999,132811575.11520,48497,1114.005,73199146.12770,0
1784790000000,65763.30,65763.30,65313.70,65405.30,8530.657,1784793599999,558101216.80520,144263,3712.770,242884132.28180,0
1784793600000,65405.30,65637.20,65383.60,65605.90,3577.763,1784797199999,234463494.13130,79218,1920.818,125869671.64870,0
1784797200000,65605.80,65732.30,65573.80,65607.90,3031.028,1784800799999,199034516.24790,71614,1353.995,88913541.01810,0
1784800800000,65607.90,65756.60,65555.10,65704.20,2837.969,1784804399999,186413354.64970,63908,1403.688,92208079.40680,0
1784804400000,65704.10,65709.40,65511.00,65525.40,2374.826,1784807999999,155768101.08040,57482,1071.998,70311941.68010,0
1784808000000,65525.40,65557.80,64927.30,65138.00,15552.526,1784811599999,1014187388.35780,218069,6626.268,432117954.03440,0
1784811600000,65138.00,65215.30,64839.10,64858.60,14102.630,1784815199999,916841166.99590,280225,7505.153,488011408.17700,0
1784815200000,64858.70,65197.00,64801.00,64884.60,11702.687,1784818799999,760417258.44140,209544,5366.514,348720118.83890,0
1784818800000,64884.70,65003.60,64696.20,64940.40,10141.344,1784822399999,657544206.94230,200605,5118.152,331903726.32490,0
1784822400000,64940.40,64940.50,64688.00,64731.40,4677.967,1784825999999,303026532.13370,109880,2098.380,135931859.68560,0
1784826000000,64731.50,64877.60,64636.00,64654.40,4543.014,1784829599999,294196001.25300,106098,2167.124,140362159.52050,0
1784829600000,64654.40,64924.90,64654.30,64842.50,3309.665,1784833199999,214409738.38930,83115,1802.404,116760577.91220,0
1784833200000,64842.50,64908.10,64670.00,64820.70,3454.039,1784836799999,223767563.08560,89823,1850.710,119889220.01530,0
1784836800000,64820.70,65176.00,64809.70,65117.70,5482.380,1784840399999,356613631.21250,94719,3409.949,221797849.86920,0
1784840400000,65117.60,65183.10,64979.90,65137.40,2461.061,1784843999999,160167142.78550,60320,1204.278,78385606.74300,0
1784844000000,65137.40,65193.50,64976.70,65158.20,3003.047,1784847599999,195514941.30810,67824,1466.892,95519031.97540,0
1784847600000,65158.20,65189.50,65018.80,65069.60,2173.156,1784851199999,141534448.83680,53727,1045.916,68122877.61540,0
1784851200000,65069.60,65084.00,64733.20,64953.10,4831.001,1784854799999,313509849.70250,110130,2211.566,143531504.23920,0
1784854800000,64953.00,65146.40,64912.40,65053.20,3089.748,1784858399999,200967988.20690,86521,1651.956,107457606.92340,0
1784858400000,65053.20,65164.80,64890.50,65091.80,3231.376,1784861999999,210138991.88200,81820,1638.295,106549872.84090,0
1784862000000,65091.80,65436.80,65045.00,65425.40,7118.962,1784865599999,464900206.79660,122715,4104.472,268055130.47860,0
1784865600000,65425.50,65440.00,65235.40,65281.90,3917.507,1784869199999,256022060.79520,71693,1542.472,100802578.61070,0
1784869200000,65282.00,65365.90,65213.00,65282.30,1810.830,1784872799999,118219787.24900,47353,859.881,56141059.92000,0
1784872800000,65282.40,65490.00,65245.60,65441.60,3572.790,1784876399999,233691552.66090,70071,2153.757,140877575.13470,0
1784876400000,65441.60,65780.00,65338.00,65470.00,12855.234,1784879999999,842702140.95440,161995,6347.016,416073588.19060,0
1784880000000,65470.10,65477.20,65274.50,65274.60,3662.526,1784883599999,239467092.57660,63934,1599.104,104555525.00990,0
1784883600000,65274.60,65290.70,64919.70,65088.10,7663.998,1784887199999,498565639.17230,127765,3702.473,240820853.59010,0
1784887200000,65088.20,65132.20,64878.00,64927.80,3324.749,1784890799999,216065897.35680,70739,1680.064,109190465.10390,0
1784890800000,64927.70,65073.60,64821.90,65045.70,4034.095,1784894399999,262044320.65990,94851,1991.338,129359244.90840,0
1784894400000,65045.70,65110.10,64707.50,64746.60,4732.922,1784897999999,307222556.32910,101645,2063.864,134015598.59110,0
1784898000000,64746.50,64774.50,63882.30,64129.10,29360.681,1784901599999,1887644260.38770,403713,14246.549,915632846.59960,0
1784901600000,64129.10,64170.00,63666.00,64031.40,18282.036,1784905199999,1167908697.55580,332842,8993.979,574642889.40930,0
1784905200000,64031.30,64305.80,63824.30,64065.10,15421.724,1784908799999,988667901.38110,293430,7865.378,504247314.60160,0
1784908800000,64065.10,64176.50,63854.30,63930.40,5378.185,1784912399999,344253794.02920,118959,2517.359,161149268.80040,0
1784912400000,63930.30,64177.90,63882.60,64154.90,3685.779,1784915999999,236118270.00090,95006,1978.683,126751501.41390,0
1784916000000,64154.90,64262.30,64104.10,64242.80,3081.464,1784919599999,197729344.94910,65183,1546.561,99249465.14010,0
1784919600000,64242.70,64266.90,64113.40,64199.50,2530.206,1784923199999,162400416.42120,69589,1037.566,66597580.57600,0
1784923200000,64199.50,64260.10,64105.00,64139.60,2090.567,1784926799999,134155701.59020,42403,1046.707,67168084.12570,0
1784926800000,64139.60,64195.10,64098.70,64112.20,1832.950,1784930399999,117561234.36960,44648,713.661,45772831.78240,0
1784930400000,64112.20,64187.60,64098.70,64132.70,1039.951,1784933999999,66700398.94200,28228,479.080,30725546.39300,0
1784934000000,64132.80,64155.00,64102.20,64116.50,988.191,1784937599999,63369720.85490,27569,394.003,25266168.95750,0
1784937600000,64116.50,64155.00,64005.40,64049.60,6490.967,1784941199999,415954819.42480,40299,1268.210,81289865.44410,0
1784941200000,64049.60,64135.00,63977.00,64039.20,2142.025,1784944799999,137175007.19050,47777,1117.489,71562596.06960,0
1784944800000,64039.10,64072.30,63988.40,64010.50,1372.173,1784948399999,87846388.29920,31942,656.113,42004569.09180,0
1784948400000,64010.50,64073.70,63988.40,64052.90,1221.840,1784951999999,78241371.80490,28431,660.556,42298812.01700,0
1784952000000,64053.00,64181.00,64052.90,64146.90,1255.783,1784955599999,80520951.87990,31318,697.973,44752904.02010,0
1784955600000,64147.00,64166.60,63940.70,63990.10,1755.924,1784959199999,112442914.67500,34021,631.940,40471339.90260,0
1784959200000,63990.00,64032.00,63933.20,63982.90,1842.202,1784962799999,117853865.76430,34489,880.250,56316352.02260,0
1784962800000,63982.90,64005.50,63966.80,63972.90,1138.406,1784966399999,72846642.09000,26555,523.397,33492532.54230,0
1784966400000,63973.00,63973.10,63760.50,63844.30,3567.434,1784969999999,227862879.41270,60796,1295.937,82776204.83630,0
1784970000000,63844.40,64000.00,63794.20,63973.90,2160.102,1784973599999,138026973.08210,44352,1260.508,80549912.22390,0
1784973600000,63973.80,64039.70,63959.30,64039.60,1751.971,1784977199999,112125501.40550,28224,1113.670,71278039.55830,0
1784977200000,64039.60,64078.50,64014.70,64031.30,1213.513,1784980799999,77718271.16820,30248,577.454,36983009.45020,0
1784980800000,64031.20,64088.20,64006.20,64088.20,1166.645,1784984399999,74718700.06820,26547,490.420,31410791.39090,0
1784984400000,64088.10,64236.80,64072.20,64136.90,2768.490,1784987999999,177600547.77240,49561,1611.969,103414289.19120,0
1784988000000,64136.80,64187.40,64079.20,64177.70,1570.678,1784991599999,100731203.19570,36507,738.304,47353576.25170,0
1784991600000,64177.70,64243.60,64135.50,64150.00,1961.221,1784995199999,125897041.67110,41449,923.279,59272548.49740,0
1784995200000,64150.10,64219.00,64092.20,64180.90,1548.050,1784998799999,99311892.34980,34114,607.116,38950402.17040,0
1784998800000,64180.80,64330.20,64162.10,64236.60,2620.615,1785002399999,168362661.98220,43820,1644.603,105664679.48880,0
1785002400000,64236.70,64417.10,64236.70,64391.40,2559.510,1785005999999,164723102.65480,57090,1610.129,103621019.68620,0
1785006000000,64391.30,64410.00,64351.40,64359.60,1546.182,1785009599999,99544887.66530,26358,656.910,42292485.56460,0
1785009600000,64359.70,64367.80,64282.90,64303.90,1212.571,1785013199999,77994915.51840,28496,560.012,36019919.19650,0
1785013200000,64304.00,64407.10,64233.00,64318.50,1521.137,1785016799999,97831467.71730,31697,899.804,57878698.62100,0
1785016800000,64318.60,64393.00,64318.50,64377.60,868.254,1785020399999,55880713.56510,25112,432.479,27833111.86000,0
1785020400000,64377.70,64393.40,64331.90,64338.10,991.941,1785023999999,63852070.04640,21413,424.838,27346800.40350,0
1785024000000,64338.00,64482.70,64317.90,64482.60,1921.435,1785027599999,123777516.47130,43699,1218.444,78494638.97450,0
1785027600000,64482.70,64514.10,64422.60,64434.30,1584.646,1785031199999,102153809.31270,36355,780.808,50338934.42520,0
1785031200000,64434.30,64500.00,64394.00,64490.60,1140.605,1785034799999,73505000.10870,29420,627.663,40450477.81340,0
1785034800000,64490.60,64553.90,64453.20,64518.80,1560.582,1785038399999,100685333.95670,35982,771.665,49785433.61150,0
1785038400000,64518.90,64566.00,64452.90,64493.10,1510.232,1785041999999,97427523.18560,30249,790.174,50977769.17900,0
1785042000000,64493.20,64493.20,64359.30,64386.00,2022.339,1785045599999,130298149.48830,35628,714.508,46034896.65560,0
1785045600000,64386.00,64428.70,64256.40,64408.90,3152.044,1785049199999,202784074.84010,53795,1455.023,93618449.19060,0
1785049200000,64409.00,64439.10,64313.50,64341.20,1444.629,1785052799999,92975227.61210,33093,657.523,42318374.47660,0
1785052800000,64341.30,64467.50,64320.20,64450.10,1158.466,1785056399999,74599907.07330,26854,675.979,43529237.70000,0
1785056400000,64450.00,64525.20,64450.00,64512.30,1615.264,1785059999999,104183640.24290,28725,897.134,57864216.85670,0
1785060000000,64512.30,64557.30,64472.40,64490.90,1709.222,1785063599999,110243684.77020,25859,665.083,42901060.19840,0
1785063600000,64491.00,64507.20,64470.00,64481.40,968.837,1785067199999,62473457.89160,19133,438.665,28286441.78150,0
1785067200000,64481.50,64639.00,64405.90,64434.20,3951.260,1785070799999,254971560.47960,59005,1974.578,127442023.69120,0
1785070800000,64434.20,64548.30,64379.70,64491.80,2041.798,1785074399999,131587244.30420,38821,1044.333,67308494.65200,0
1785074400000,64491.90,64748.30,64491.80,64687.20,5026.726,1785077999999,325023615.59950,103183,2988.681,193242546.83270,0
1785078000000,64687.20,64819.30,64640.00,64733.60,3665.271,1785081599999,237277733.17050,80340,1977.212,128007102.85780,0
1785081600000,64733.50,64909.00,64670.10,64700.00,4283.747,1785085199999,277508972.78010,90392,2022.432,131044225.69480,0
1785085200000,64700.00,64769.10,64639.90,64663.20,2119.427,1785088799999,137100246.71880,50004,926.371,59928953.99530,0
1785088800000,64663.30,64749.40,64634.00,64706.80,1135.743,1785092399999,73457483.37360,31702,565.257,36559371.72310,0
1785092400000,64706.80,64729.40,64638.80,64665.50,791.484,1785095999999,51196991.66360,24963,423.206,27375918.77850,0
1785096000000,64665.60,64676.20,64606.30,64621.30,748.268,1785099599999,48363711.91520,20712,292.189,18886107.88490,0
1785099600000,64621.20,64897.10,64621.20,64821.70,1929.004,1785103199999,124970475.24590,50020,1161.230,75227734.92610,0
1785103200000,64821.70,65480.00,64821.70,65384.70,13652.278,1785106799999,890586756.58970,224172,8042.243,524529624.12840,0
1785106800000,65384.70,65555.00,65245.60,65375.10,6629.856,1785110399999,433605045.24920,132995,2909.742,190323568.64980,0
1785110400000,65375.20,65398.80,65033.00,65106.00,5619.723,1785113999999,366183365.61470,129208,2541.833,165617891.91340,0
1785114000000,65106.00,65196.70,64872.00,65179.80,5474.232,1785117599999,356137637.67680,123070,2816.715,183280627.49100,0
1785117600000,65179.90,65254.40,65088.00,65145.70,2410.619,1785121199999,157105183.98640,72865,1232.898,80353345.11870,0
1785121200000,65145.60,65344.00,65143.50,65261.50,2331.283,1785124799999,152145940.40620,65578,1203.374,78535025.23850,0
1785124800000,65261.50,65484.60,65216.00,65257.20,3606.450,1785128399999,235630105.92460,82723,1715.375,112076985.60550,0
1785128400000,65257.20,65468.20,65251.00,65434.30,2052.379,1785131999999,134135582.00980,59804,1084.042,70849854.78810,0
1785132000000,65434.20,65722.50,65377.50,65388.00,6825.399,1785135599999,447380874.94280,135920,3735.677,244885994.54150,0
1785135600000,65388.00,65421.30,65190.00,65195.90,4161.868,1785139199999,271809158.72470,89286,1994.165,130250016.40800,0
1785139200000,65196.00,65234.00,65092.30,65133.00,3777.889,1785142799999,246195162.66150,77001,1754.014,114307738.38890,0
1785142800000,65132.90,65315.70,65066.30,65234.40,3233.697,1785146399999,210827348.17670,62735,1821.941,118799640.24630,0
1785146400000,65234.50,65412.80,65202.10,65314.70,2361.136,1785149999999,154215138.87000,51675,1318.651,86130115.81100,0
1785150000000,65314.70,65314.80,65061.10,65073.10,2731.686,1785153599999,178008168.98150,62939,1132.777,73819827.14650,0
1785153600000,65073.10,65240.20,64811.00,65065.00,8493.576,1785157199999,552241615.82840,143045,4276.810,278161215.10670,0
1785157200000,65065.00,65689.60,64885.30,65189.40,16449.888,1785160799999,1075246102.10900,319721,7762.414,507275927.16870,0
1785160800000,65189.40,65409.30,64418.90,64663.40,18708.373,1785164399999,1212427891.97990,436215,8876.231,575448685.61450,0
1785164400000,64663.40,64750.00,64374.40,64517.10,9045.046,1785167999999,584062162.93440,218753,4271.620,275854656.01470,0
1785168000000,64517.20,64941.70,64479.00,64871.00,6852.718,1785171599999,443685630.96780,164491,3452.996,223534757.01490,0
1785171600000,64871.00,65069.40,64761.70,64994.30,4101.367,1785175199999,266370088.04520,102137,2026.481,131618375.28900,0
1785175200000,64994.20,65034.90,64727.30,64854.70,3642.720,1785178799999,236192680.61040,87654,1785.120,115736758.17590,0
1785178800000,64854.70,65056.80,64782.00,64959.20,2642.628,1785182399999,171606866.94000,79018,1385.741,89993805.80390,0
1785182400000,64959.20,65030.80,64873.60,64940.40,1671.359,1785185999999,108548894.24670,44317,863.228,56065781.00380,0
1785186000000,64940.30,64940.40,64762.10,64790.20,1614.505,1785189599999,104668615.58990,41836,617.970,40061344.64530,0
1785189600000,64790.30,64790.30,63755.30,63755.40,16449.150,1785193199999,1055203474.72270,238279,5774.219,370515082.06330,0
1785193200000,63755.50,63903.60,63567.00,63720.80,13574.042,1785196799999,864984090.55770,254074,6566.575,418547846.33520,0
1785196800000,63720.70,63794.30,63439.10,63453.10,7909.745,1785200399999,502985966.23860,191138,3395.255,215936135.94710,0
1785200400000,63453.10,63500.00,63021.00,63195.90,13354.768,1785203999999,844215654.42050,229814,6180.080,390663321.16870,0
1785204000000,63195.90,63269.80,63069.80,63148.20,4990.923,1785207599999,315272565.26830,89344,2317.856,146435838.14970,0
1785207600000,63148.10,63342.80,63131.90,63310.10,4066.350,1785211199999,257228305.68940,81329,2460.160,155622307.27430,0
1785211200000,63310.00,63333.30,63187.20,63323.50,4684.392,1785214799999,296460786.30790,72850,2726.807,172579156.98400,0
1785214800000,63323.50,63588.00,63294.90,63417.40,5443.976,1785218399999,345524107.64830,96325,2758.189,175072966.46860,0
1785218400000,63417.50,63642.20,63365.40,63609.40,3804.782,1785221999999,241643799.40360,76252,2276.584,144604000.69390,0
1785222000000,63609.40,63635.40,63421.00,63476.80,3883.873,1785225599999,246728815.63650,71930,1633.855,103784117.44780,0
1785225600000,63476.80,63513.90,63370.10,63401.70,2415.759,1785229199999,153251413.63960,58073,1042.851,66158313.22830,0
1785229200000,63401.60,63557.00,63337.70,63367.80,4377.904,1785232799999,277801181.75290,64811,1814.318,115119354.78550,0
1785232800000,63367.80,63532.10,63263.50,63439.60,7147.337,1785236399999,453030725.86480,97373,3418.208,216703909.97330,0
1785236400000,63439.60,63569.00,63322.60,63430.80,3763.568,1785239999999,238721275.58870,91137,1775.301,112612599.41410,0
1785240000000,63430.70,63548.80,63355.40,63520.10,3288.693,1785243599999,208678725.99910,79687,1557.722,98843738.95020,0
1785243600000,63520.10,63568.60,62660.10,63078.90,16804.472,1785247199999,1059476684.11380,312546,7452.593,469922941.44060,0
1785247200000,63078.90,63521.00,62937.00,63384.10,10759.073,1785250799999,680392626.06460,280170,5590.627,353551525.09170,0
1785250800000,63384.00,64014.20,63231.90,63899.40,15235.464,1785254399999,970796592.13030,328226,8533.996,543903382.14330,0
1785254400000,63899.50,64084.50,63746.40,64020.00,5705.085,1785257999999,364546052.73260,141690,3217.011,205605251.55230,0
1785258000000,64019.90,64020.00,63477.20,63666.00,6338.588,1785261599999,403697474.57290,150106,2819.659,179571084.59720,0
1785261600000,63666.00,63824.00,63646.60,63710.80,2521.312,1785265199999,160653733.01190,96045,1395.396,88919479.24390,0
1785265200000,63710.80,63882.40,63650.10,63882.40,2666.007,1785268799999,170021669.29100,84505,1582.039,100903569.66760,0
1785268800000,63882.40,63993.20,63850.40,63890.80,3090.519,1785272399999,197511598.82260,80635,1719.235,109874973.37790,0
1785272400000,63890.70,64047.90,63863.80,63950.10,2344.876,1785275999999,149968919.13970,62170,1446.286,92497550.55040,0
1785276000000,63950.10,64000.00,63739.80,63754.60,3276.390,1785279599999,209247563.56090,85939,1684.807,107601497.66720,0
1785279600000,63754.60,63934.30,63526.00,63903.60,6400.006,1785283199999,407635996.15950,109179,3934.690,250602271.03920,0
1785283200000,63903.60,64175.00,63846.00,63927.50,5771.301,1785286799999,369457600.35230,143284,2961.193,189589253.62400,0
1785286800000,63927.50,63978.70,63657.80,63682.50,4706.938,1785290399999,300350905.64700,161419,2453.110,156548610.14280,0
1785290400000,63682.50,64110.50,63630.00,63955.00,5422.055,1785293999999,346396636.95080,163712,2980.390,190367031.09490,0
1785294000000,63955.00,63984.70,63684.70,63727.00,4992.940,1785297599999,318513558.80950,137758,2460.814,156962183.97240,0
1785297600000,63727.00,63950.00,63569.50,63944.20,4296.721,1785301199999,273898479.74200,134025,2394.960,152676508.42640,0
1785301200000,63944.30,64071.10,63866.40,64045.30,3574.698,1785304799999,228693537.29110,87178,1794.852,114827651.31900,0
1785304800000,64045.30,64444.00,64004.70,64407.70,9275.804,1785308399999,596418574.29420,146057,5202.238,334446095.24820,0
1785308400000,64407.80,64544.00,64376.10,64539.00,5453.408,1785311999999,351473501.43380,88491,2866.686,184764547.85490,0
1785312000000,64539.10,64556.60,64251.00,64391.20,5688.224,1785315599999,366261594.46030,93423,2371.335,152685392.42620,0
1785315600000,64391.20,64715.90,64353.20,64660.70,5905.262,1785319199999,381219596.87550,108819,2984.737,192697093.47080,0
1785319200000,64660.80,64691.40,64381.20,64444.00,4695.380,1785322799999,303146009.80680,82164,2114.508,136528498.16950,0
1785322800000,64444.00,64565.20,64388.00,64480.00,2928.166,1785326399999,188741203.82820,68807,1366.694,88090814.44340,0
1785326400000,64479.90,64480.00,64175.40,64248.20,4373.432,1785329999999,281281402.15850,100513,1719.512,110590028.09310,0
1785330000000,64248.20,64639.90,64113.60,64634.60,10594.764,1785333599999,681619900.59920,258410,5523.403,355441178.53910,0
1785333600000,64634.60,64688.00,64019.00,64078.10,8887.439,1785337199999,571174180.57700,288932,4433.190,284880451.71090,0
1785337200000,64078.20,64170.70,63857.40,63940.20,6804.924,1785340799999,435592571.50370,196568,3454.863,221161085.12420,0
1785340800000,63940.20,64131.90,63600.00,63786.60,10205.123,1785344399999,651385654.85760,211957,4846.644,309392740.90640,0
1785344400000,63786.60,64287.30,63680.10,64247.50,7085.746,1785347999999,452929958.16420,162829,4002.501,255906777.89750,0
1785348000000,64247.40,64703.90,63742.90,64484.50,24784.012,1785351599999,1594287776.90420,501248,12244.677,787715493.91840,0
1785351600000,64484.40,64575.70,63483.90,63564.10,14295.245,1785355199999,914167288.97660,362407,6579.009,420641286.54180,0
1785355200000,63564.00,63721.00,63336.00,63487.90,9804.197,1785358799999,622922112.17170,239288,4823.120,306480929.78210,0
1785358800000,63487.80,63831.80,63234.00,63831.10,9361.784,1785362399999,594371211.59140,157656,5456.693,346545275.00120,0
1785362400000,63831.20,64108.40,63831.10,63916.90,8261.334,1785365999999,528474386.96040,141652,4208.870,269224366.05720,0
1785366000000,63916.90,64044.40,63868.00,63958.90,2807.402,1785369599999,179561238.91710,80659,1527.594,97718651.82080,0
1785369600000,63958.90,64098.20,63576.40,63673.70,6274.187,1785373199999,400238749.71280,123654,2842.911,181358898.98570,0
1785373200000,63673.70,64355.90,63662.60,64245.30,6840.859,1785376799999,437828269.42420,158127,4061.024,259920341.16280,0
1785376800000,64245.20,64393.00,64139.00,64163.70,3764.311,1785380399999,241991045.24050,108796,1816.794,116811413.48270,0
1785380400000,64163.70,64282.80,64109.00,64134.00,2384.038,1785383999999,153002636.69560,81450,1276.362,81917518.91290,0
1785384000000,64134.00,64152.30,63980.00,63998.50,2650.287,1785387599999,169818439.31860,64801,1145.028,73371969.12150,0
1785387600000,63998.60,64156.40,63881.00,64013.60,3410.620,1785391199999,218268066.33140,101607,1835.795,117490859.91510,0
1785391200000,64013.50,64054.80,63930.00,63974.60,1486.362,1785394799999,95110788.83610,59102,798.431,51092825.82660,0
1785394800000,63974.60,64121.90,63913.60,63981.90,3159.857,1785398399999,202292817.32700,80297,1790.960,114656891.14790,0
1785398400000,63981.90,64334.60,63950.00,64280.40,4231.718,1785401999999,271620799.52350,106177,2532.922,162560501.10710,0
1785402000000,64280.40,64618.10,64257.10,64550.00,6694.068,1785405599999,431799644.70340,122603,3514.043,226649517.92190,0
1785405600000,64550.00,64612.50,64538.20,64548.90,3675.459,1785409199999,237321504.29640,58253,1248.621,80628675.74710,0
1785409200000,64548.90,64870.00,64515.10,64766.80,7542.228,1785412799999,488021132.74130,112902,4663.871,301800663.03350,0
1785412800000,64766.90,65015.60,64765.60,64892.60,9133.871,1785416399999,592668370.61860,144485,5052.706,327877043.24980,0
1785416400000,64892.70,65157.00,64663.00,64995.90,14010.887,1785419999999,909624539.85500,222293,6993.624,454077021.28960,0
1785420000000,64995.80,65015.30,64588.40,64649.00,9678.971,1785423599999,626822384.85710,194754,4166.521,269777447.00000,0
1785423600000,64649.10,64861.40,64571.40,64694.20,4737.528,1785427199999,306497099.61500,124292,2567.008,166077121.54530,0
1785427200000,64694.20,64933.00,64694.20,64785.10,3285.643,1785430799999,212986306.68070,97697,1845.832,119660244.93040,0
1785430800000,64785.10,64957.20,64738.10,64842.40,2494.063,1785434399999,161758604.31870,72901,1225.098,79455149.14590,0
1785434400000,64842.40,64871.10,64657.40,64668.90,1921.207,1785437999999,124371180.06730,49307,940.198,60863872.55070,0
1785438000000,64668.90,64875.00,64668.80,64778.60,1965.073,1785441599999,127327434.42940,61092,1118.096,72445650.89430,0
1785441600000,64778.50,64909.00,64723.40,64750.00,2723.326,1785445199999,176477279.99400,67504,1448.700,93882544.01410,0
1785445200000,64750.00,64780.80,64678.20,64706.50,1435.863,1785448799999,92950019.85970,40459,799.537,51758334.05740,0
1785448800000,64706.60,64995.00,64636.30,64827.40,3686.525,1785452399999,239167382.40390,83690,2004.990,130082417.40970,0
1785452400000,64827.30,65062.90,64698.50,64750.00,5668.781,1785455999999,367650572.38880,94007,2824.135,183191197.88380,0
1785456000000,64750.00,64878.00,64663.70,64698.50,2973.540,1785459599999,192537696.69920,78819,1388.266,89885575.77890,0
1785459600000,64698.50,65391.30,64444.00,64535.10,16749.679,1785463199999,1088311409.04240,301450,9311.845,605271421.28280,0
1785463200000,64535.20,64593.30,64177.90,64271.90,9560.756,1785466799999,615339153.15390,191773,4824.906,310555652.82320,0
1785466800000,64272.00,64410.40,64138.00,64344.00,5854.658,1785470399999,376462764.90260,129088,3297.150,212036339.73570,0
1785470400000,64344.00,64425.60,64210.00,64281.60,3166.071,1785473999999,203642668.11200,77175,1771.525,113958982.61600,0
1785474000000,64281.60,64396.70,64242.50,64334.40,2568.023,1785477599999,165201455.55760,63719,1442.421,92792682.40180,0
1785477600000,64334.30,64476.80,64179.90,64208.50,4155.684,1785481199999,267232035.22000,82771,2102.209,135218360.76350,0
1785481200000,64208.40,64217.00,63835.60,63909.10,11234.331,1785484799999,718825262.08960,165948,4590.202,293731043.51990,0
1785484800000,63909.10,63950.00,63777.70,63801.90,6279.775,1785488399999,401001538.39340,104733,3274.524,209103929.59010,0
1785488400000,63801.80,63820.00,63601.20,63689.00,5255.291,1785491999999,334745364.98650,108158,2635.812,167891809.71980,0
1785492000000,63689.10,63923.40,63577.00,63886.10,5345.605,1785495599999,340879608.87450,91786,3168.395,202065243.29990,0
1785495600000,63886.20,63982.20,63755.10,63779.40,3656.002,1785499199999,233494007.90390,70649,1637.817,104608518.40390,0
1785499200000,63779.40,63804.10,63595.30,63727.40,5013.922,1785502799999,319347656.48530,98285,2627.436,167352918.00630,0
1785502800000,63727.40,63807.50,63216.20,63248.10,15778.254,1785506399999,1001673801.17150,283542,7089.776,450214717.16240,0
1785506400000,63248.00,63291.60,62410.50,62663.80,37380.196,1785509999999,2344270193.72610,619865,18617.830,1167153346.63440,0
1785510000000,62663.90,62749.70,62458.00,62695.40,9158.832,1785513599999,573555081.67240,209135,5099.846,319414055.63900,0
1785513600000,62695.30,62913.40,62680.10,62849.40,6323.225,1785517199999,397282503.37620,143561,3469.009,217961324.66670,0
1785517200000,62849.40,63270.10,62780.80,63215.60,6762.001,1785520799999,426252787.39060,142582,3660.437,230770623.26620,0
1785520800000,63215.60,63275.70,62935.10,63064.90,5633.135,1785524399999,355420163.87030,105178,2215.499,139792141.69940,0
1785524400000,63065.00,63133.00,62906.30,62947.20,2889.931,1785527999999,182040049.49050,79870,1142.079,71937401.64570,0
1785528000000,62947.10,63003.00,62901.00,62928.70,2268.918,1785531599999,142833497.40370,56442,1167.757,73515260.43730,0
1785531600000,62928.70,63037.00,62814.10,62924.70,2820.424,1785535199999,177554665.61220,62927,1442.284,90798885.79920,0
1785535200000,62924.80,62996.70,62835.00,62916.70,2306.850,1785538799999,145176094.70770,48659,1151.968,72493315.30110,0
1785538800000,62916.80,62990.00,62825.00,62859.90,1829.832,1785542399999,115115953.81470,38507,735.897,46297103.01000,0
